<?xml version="1.0" encoding="UTF-8"?>
<site>
   <feature url="features/com.google.gdt.eclipse.suite.e43.feature_3.5.1.v201312301723-rel-r43.jar" id="com.google.gdt.eclipse.suite.e43.feature" version="3.5.1.v201312301723-rel-r43">
      <category name="Plugin"/>
   </feature>
   <feature url="features/com.google.gdt.eclipse.google3.feature_3.5.1.v201312301723-rel-r43.jar" id="com.google.gdt.eclipse.google3.feature" version="3.5.1.v201312301723-rel-r43">
      <category name="Plugin"/>
   </feature>
   <feature url="features/com.google.gdt.eclipse.mobile.android.feature_3.5.1.v201312301723-rel-r43.jar" id="com.google.gdt.eclipse.mobile.android.feature" version="3.5.1.v201312301723-rel-r43">
      <category name="Android"/>
   </feature>
   <feature url="features/org.eclipse.wb.core.feature_1.6.0.r43x201305211944.jar" id="org.eclipse.wb.core.feature" version="1.6.0.r43x201305211944">
      <category name="WB"/>
   </feature>
   <feature url="features/org.eclipse.wb.core.xml.feature_1.6.0.r43x201306031653.jar" id="org.eclipse.wb.core.xml.feature" version="1.6.0.r43x201306031653">
      <category name="WB"/>
   </feature>
   <feature url="features/org.eclipse.wb.css.feature_1.6.0.r43x201306031647.jar" id="org.eclipse.wb.css.feature" version="1.6.0.r43x201306031647">
      <category name="WB"/>
   </feature>
   <feature url="features/com.google.gdt.eclipse.designer.hosted.feature_3.1.2.r43x201307151442.jar" id="com.google.gdt.eclipse.designer.hosted.feature" version="3.1.2.r43x201307151442">
      <category name="WB"/>
   </feature>
   <feature url="features/com.google.gdt.eclipse.designer.editor.feature_3.1.2.r43x201307151447.jar" id="com.google.gdt.eclipse.designer.editor.feature" version="3.1.2.r43x201307151447">
      <category name="WB"/>
   </feature>
   <feature url="features/com.google.gdt.eclipse.designer.gpe.feature_3.1.2.r43x201307151506.jar" id="com.google.gdt.eclipse.designer.gpe.feature" version="3.1.2.r43x201307151506">
      <category name="WB"/>
   </feature>
   <category-def name="Plugin" label="Google Plugin for Eclipse (required)">
      <description>
         This is a set of Google plugins for Eclipse 4.3.
      </description>
   </category-def>
   <category-def name="SDKs" label="SDKs">
      <description>
         This is a set of SDKs that can be used with the plugin.
      </description>
   </category-def>
   <category-def name="WB" label="GWT Designer for GPE (recommended)">
      <description>
         GWT Designer for GPE
      </description>
   </category-def>
   <category-def name="Android" label="Google App Engine Tools for Android (requires ADT)">
      <description>
         Google App Engine Tools for Android
      </description>
   </category-def>
</site>
