drop database if exists PetStore;

create database PetStore DEFAULT CHARSET=utf8;
use PetStore;

create table Category(
    categoryId VARCHAR(10) NOT NULL,
    name VARCHAR(25) NOT NULL,
    description VARCHAR(255) NOT NULL,
    imageUrl VARCHAR(55),
    primary key (categoryId)
) ENGINE=InnoDB DEFAULT CHARSET=utf8;

CREATE TABLE Product (
 productId VARCHAR(10) NOT NULL,
 categoryId VARCHAR(10) NOT NULL,
 name VARCHAR(25) NOT NULL,
 description VARCHAR(255) NOT NULL,
 imageUrl VARCHAR(55),
 primary key (productId),
 foreign key (categoryId) references Category(categoryId)
) ENGINE=InnoDB DEFAULT CHARSET=utf8;

CREATE TABLE Address (
 addressId VARCHAR(10) NOT NULL,
 street1 VARCHAR(55) NOT NULL,
 street2 VARCHAR(55),
 city VARCHAR(55) NOT NULL,
 state VARCHAR(25) NOT NULL,
 zip VARCHAR(5) NOT NULL,
 latitude DECIMAL(14,10) NOT NULL,
 longitude DECIMAL(14,10) NOT NULL,
 primary key (addressId)
) ENGINE=InnoDB DEFAULT CHARSET=utf8;

CREATE TABLE SellerContactInfo (
 contactInfoId VARCHAR(10) NOT NULL,
 lastName VARCHAR(24) NOT NULL,
 firstName VARCHAR(24) NOT NULL,
 email VARCHAR(24) NOT NULL,
 primary key (contactInfoId)
) ENGINE=InnoDB DEFAULT CHARSET=utf8;

CREATE TABLE Item (
 itemId VARCHAR(10) NOT NULL,
 productId VARCHAR(10) NOT NULL,
 name VARCHAR(30) NOT NULL,
 description VARCHAR(500) NOT NULL,
 imageUrl VARCHAR(55),
 imageThumbUrl VARCHAR(55),
 price DECIMAL(14,2) NOT NULL,
 address_addressId VARCHAR(10) NOT NULL,
 contactInfo_contactInfoId VARCHAR(10) NOT NULL,
 totalScore INTEGER NOT NULL,
 numberOfVotes INTEGER NOT NULL,
 disabled INTEGER NOT NULL,
 primary key (itemId),
 foreign key (address_addressId) references Address(addressid),
 foreign key (productId) references Product(productId),
 foreign key (contactInfo_contactInfoId) references SellerContactInfo(contactInfoId)
) ENGINE=InnoDB DEFAULT CHARSET=utf8;

CREATE TABLE Id_Gen (
 gen_key VARCHAR(20) NOT NULL,
 gen_value INTEGER NOT NULL,
 primary key (gen_key)
) ENGINE=InnoDB DEFAULT CHARSET=utf8;

CREATE TABLE ZipLocation (
 zipCode INTEGER NOT NULL,
 city VARCHAR(30) NOT NULL,
 state VARCHAR(2) NOT NULL,
 primary key (zipCode)
) ENGINE=InnoDB DEFAULT CHARSET=utf8;

create table Tag(
    tagId INTEGER NOT NULL,
    tag VARCHAR(30) NOT NULL,
    refCount INTEGER NOT NULL,
    primary key (tagId),
    unique(tag)
) ENGINE=InnoDB DEFAULT CHARSET=utf8;

create table Tag_Item(
    tagId INTEGER NOT NULL,
    itemId VARCHAR(10) NOT NULL,
    unique(tagId, itemId),
    foreign key (itemId) references Item(itemId),
    foreign key (tagId) references Tag(tagId)
) ENGINE=InnoDB DEFAULT CHARSET=utf8;


INSERT INTO Category VALUES('CATS', 'Cats', 'Loving and finicky friends', 'cats_icon.gif');
INSERT INTO Category VALUES('DOGS', 'Dogs', 'Loving and furry friends', 'dogs_icon.gif');
INSERT INTO Category VALUES('BIRDS', 'Birds', 'Loving and feathery friends', 'birds_icon.gif');
INSERT INTO Category VALUES('REPTILES', 'Reptiles', 'Loving and scaly friends', 'reptiles_icon.gif');
INSERT INTO Category VALUES('FISH', 'Fish', 'Loving aquatic friends', 'fish_icon.gif');

INSERT INTO Product VALUES('feline01', 'CATS', 'Hairy Cat', 'Great for reducing mouse populations', 'cat1.gif');
INSERT INTO Product VALUES('feline02', 'CATS', 'Groomed Cat', 'Friendly house cat keeps you away from the vacuum', 'cat2.gif');
INSERT INTO Product VALUES('canine01', 'DOGS', 'Medium Dogs', 'Friendly dog from England', 'dog1.gif');
INSERT INTO Product VALUES('canine02', 'DOGS', 'Small Dogs', 'Great companion dog to sit on your lap','dog2.gif');
INSERT INTO Product VALUES('avian01', 'BIRDS', 'Parrot', 'Friend for a lifetime.', 'bird1.gif');
INSERT INTO Product VALUES('avian02', 'BIRDS', 'Exotic', 'Impress your friends with your colorful friend.','bird2.gif');
INSERT INTO Product VALUES('fish01', 'FISH', 'Small Fish', 'Fits nicely in a small aquarium.','fish2.gif');
INSERT INTO Product VALUES('fish02', 'FISH', 'Large Fish', 'Need a large aquarium.','fish3.gif');
INSERT INTO Product VALUES('reptile01', 'REPTILES', 'Slithering Reptiles', 'Slides across the floor.','lizard1.gif');
INSERT INTO Product VALUES('reptile02', 'REPTILES', 'Crawling Reptiles', 'Uses legs to move fast.','lizard2.gif');

INSERT INTO Address VALUES('1', 'W el Camino Real & Castro St', '', 'Mountain View','CA','94040',37.38574,-122.083973);
INSERT INTO Address VALUES('2', 'Shell Blvd & Beach Park Blvd', '', 'Foster City','CA','94404',37.546935,-122.263978);
INSERT INTO Address VALUES('3', 'River Oaks Pky & Village Center Dr', '', 'San Jose','CA','95134',37.398259,-121.922367);
INSERT INTO Address VALUES('4', 'S 1st St & W Santa Clara St', '', 'San Jose','CA','95113',37.336141,-121.890666);
INSERT INTO Address VALUES('5', '1st St & Market St ', '', 'San Francisco','CA','94105',37.791028,-122.399082);
INSERT INTO Address VALUES('6', 'Paseo Padre Pky & Fremont Blvd', '', 'Fremont','CA','94555',37.575035,-122.041273);
INSERT INTO Address VALUES('7', 'W el Camino Real & S Mary Ave', '', 'Sunnyvale','CA','94087',37.371641,-122.048772);
INSERT INTO Address VALUES('8', 'Bay Street and Columbus Ave ', '', 'San Francisco','CA','94133',37.805328,-122.416882);
INSERT INTO Address VALUES('9', 'El Camino Real & Scott Blvd', '', 'Santa Clara','CA','95050',37.352141 ,-121.959569);
INSERT INTO Address VALUES('10', 'W el Camino Real & Hollenbeck Ave', '', 'Sunnyvale','CA','94087',37.369941,-122.041271);
INSERT INTO Address VALUES('11', 'S Main St & Serra Way', '', 'Milpitas','CA','95035',37.428112,-121.906505);
INSERT INTO Address VALUES('12', 'Great Mall Pky & S Main St', '', 'Milpitas','CA','95035',37.414722,-121.902085);
INSERT INTO Address VALUES('13', 'Valencia St &  16th St', '', 'San Francisco','CA','94103',37.764985,-122.421886);
INSERT INTO Address VALUES('14', 'S 1st St & W Santa Clara St', '', 'San Jose','CA','95113',37.336141,-121.890666);
INSERT INTO Address VALUES('15', 'Bay Street and Columbus Ave ', '', 'San Francisco','CA','94133',37.805328,-122.416882);
INSERT INTO Address VALUES('16', 'El Camino Real & Scott Blvd', '', 'Santa Clara','CA','95050',37.352141 ,-121.959569);
INSERT INTO Address VALUES('17', 'Millbrae Ave &  Willow Ave', '', 'Millbrae ','CA','94030',37.596635,-122.391083);
INSERT INTO Address VALUES('18', 'Leavesley Rd & Monterey Rd', '', 'Gilroy','CA','95020',37.019447,-121.574953);
INSERT INTO Address VALUES('19', 'S Main St & Serra Way', '', 'Milpitas','CA','95035',37.428112,-121.906505);
INSERT INTO Address VALUES('20', '24th St &  Dolores St', '', 'San Francisco','CA','94114',37.75183,-122.424982);
INSERT INTO Address VALUES('21', 'Great Mall Pky & S Main St', '', 'Milpitas','CA','95035',37.414722,-121.902085);
INSERT INTO Address VALUES('22', 'Grant Rd & South Dr ', '', 'Mountain view','CA','94040',37.366941,-122.078073);
INSERT INTO Address VALUES('23', '25th St &  Dolores St', '', 'San Francisco','CA','94114',37.75013,-122.424782);
INSERT INTO Address VALUES('24', 'Ellis St & National Ave', '', 'Mountain view','CA','94043',37.40094,-122.052272);
INSERT INTO Address VALUES('25', '1st St & Market St ', '', 'San Francisco','CA','94105',37.791028,-122.399082);
INSERT INTO Address VALUES('26', 'San Antonio Rd & Middlefield Rd', '', 'Palo Alto','CA','94303',37.416239,-122.103474);
INSERT INTO Address VALUES('27', '20th St &  Dolores St', '', 'San Francisco','CA','94114',37.75823,-122.425582);
INSERT INTO Address VALUES('28', 'River Oaks Pky & Village Center Dr', '', 'San Jose','CA','95134',37.398259,-121.922367);
INSERT INTO Address VALUES('29', 'Dolores St &  San Jose Ave', '', 'San Francisco','CA','94110',37.74023,-122.423782);
INSERT INTO Address VALUES('30', 'Leavesley Rd & Monterey Rd', '', 'Gilroy','CA','95020',37.019447,-121.574953);
INSERT INTO Address VALUES('31', 'Palm Dr & Arboretum Rd', '', 'Stanford','CA','94305',37.437838,-122.166975);
INSERT INTO Address VALUES('32', 'Millbrae Ave &  Willow Ave', '', 'Millbrae ','CA','94030',37.596635,-122.391083);
INSERT INTO Address VALUES('33', 'Cesar Chavez St & Sanchez', '', 'San Francisco','CA','94131',37.74753,-122.428982);
INSERT INTO Address VALUES('34', 'University Ave & Middlefield Rd', '', 'Palo Alto','CA','94301',37.450638,-122.156975);
INSERT INTO Address VALUES('35', 'Bay Street and Columbus Ave ', '', 'San Francisco','CA','94133',37.805328,-122.416882);
INSERT INTO Address VALUES('36', 'Telegraph Ave & Bancroft Way', '', 'Berkeley','CA','94704',37.868825,-122.25978);
INSERT INTO Address VALUES('37', '1st St & Market St ', '', 'San Francisco','CA','94105',37.791028,-122.399082);
INSERT INTO Address VALUES('38', 'San Antonio Rd & Middlefield Rd', '', 'Palo Alto','CA','94303',37.416239,-122.103474);
INSERT INTO Address VALUES('39', '20th St &  Dolores St', '', 'San Francisco','CA','94114',37.75823,-122.425582);
INSERT INTO Address VALUES('40', 'River Oaks Pky & Village Center Dr', '', 'San Jose','CA','95134',37.398259,-121.922367);
INSERT INTO Address VALUES('41', 'Dolores St &  San Jose Ave', '', 'San Francisco','CA','94110',37.74023,-122.423782);
INSERT INTO Address VALUES('42', '4th St & Howard St', '', 'San Francisco','CA','94103',37.783229,-122.402582);
INSERT INTO Address VALUES('43', 'Palm Dr & Arboretum Rd', '', 'Stanford','CA','94305',37.437838,-122.166975);
INSERT INTO Address VALUES('44', 'Campbell St & Riverside Ave', '', 'Santa Cruz','CA','95060',36.96985,-122.019473);
INSERT INTO Address VALUES('45', 'Cesar Chavez St & Sanchez', '', 'San Francisco','CA','94131',37.74753,-122.428982);
INSERT INTO Address VALUES('46', 'University Ave & Middlefield Rd', '', 'Palo Alto','CA','94301',37.450638,-122.156975);
INSERT INTO Address VALUES('47', 'W el Camino Real & S Mary Ave', '', 'Sunnyvale','CA','94087',37.371641,-122.048772);
INSERT INTO Address VALUES('48', 'Telegraph Ave & Bancroft Way', '', 'Berkeley','CA','94704',37.868825,-122.25978);
INSERT INTO Address VALUES('49', '1st St & Market St ', '', 'San Francisco','CA','94105',37.791028,-122.399082);
INSERT INTO Address VALUES('50', 'San Antonio Rd & Middlefield Rd', '', 'Palo Alto','CA','94303',37.416239,-122.103474);
INSERT INTO Address VALUES('51', '20th St &  Dolores St', '', 'San Francisco','CA','94114',37.75823,-122.425582);
INSERT INTO Address VALUES('52', 'River Oaks Pky & Village Center Dr', '', 'San Jose','CA','95134',37.398259,-121.922367);
INSERT INTO Address VALUES('53', 'Dolores St &  San Jose Ave', '', 'San Francisco','CA','94110',37.74023,-122.423782);
INSERT INTO Address VALUES('54', '4th St & Howard St', '', 'San Francisco','CA','94103',37.783229,-122.402582);
INSERT INTO Address VALUES('55', 'Palm Dr & Arboretum Rd', '', 'Stanford','CA','94305',37.437838,-122.166975);
INSERT INTO Address VALUES('56', 'W el Camino Real & S Mary Ave', '', 'Sunnyvale','CA','94087',37.371641,-122.048772);
INSERT INTO Address VALUES('57', 'Campbell St & Riverside Ave', '', 'Santa Cruz','CA','95060',36.96985,-122.019473);
INSERT INTO Address VALUES('58', 'University Ave & Middlefield Rd', '', 'Palo Alto','CA','94301',37.450638,-122.156975);
INSERT INTO Address VALUES('59', 'Bay Street and Columbus Ave ', '', 'San Francisco','CA','94133',37.805328,-122.416882);
INSERT INTO Address VALUES('60', 'Telegraph Ave & Bancroft Way', '', 'Berkeley','CA','94704',37.868825,-122.25978);
INSERT INTO Address VALUES('61', 'San Antonio Rd & Middlefield Rd', '', 'Palo Alto','CA','94303',37.416239,-122.103474);
INSERT INTO Address VALUES('62', '20th St &  Dolores St', '', 'San Francisco','CA','94114',37.75823,-122.425582);
INSERT INTO Address VALUES('63', 'River Oaks Pky & Village Center Dr', '', 'San Jose','CA','95134',37.398259,-121.922367);
INSERT INTO Address VALUES('64', 'Dolores St &  San Jose Ave', '', 'San Francisco','CA','94110',37.74023,-122.423782);
INSERT INTO Address VALUES('65', 'W el Camino Real & S Mary Ave', '', 'Sunnyvale','CA','94087',37.371641,-122.048772);
INSERT INTO Address VALUES('66', 'Palm Dr & Arboretum Rd', '', 'Stanford','CA','94305',37.437838,-122.166975);
INSERT INTO Address VALUES('67', 'Millbrae Ave &  Willow Ave', '', 'Millbrae ','CA','94030',37.596635,-122.391083);
INSERT INTO Address VALUES('68', 'Cesar Chavez St & Sanchez', '', 'San Francisco','CA','94131',37.74753,-122.428982);
INSERT INTO Address VALUES('69', 'University Ave & Middlefield Rd', '', 'Palo Alto','CA','94301',37.450638,-122.156975);
INSERT INTO Address VALUES('70', 'Bay Street and Columbus Ave ', '', 'San Francisco','CA','94133',37.805328,-122.416882);
INSERT INTO Address VALUES('71', 'Leavesley Rd & Monterey Rd', '', 'Gilroy','CA','95020',37.019447,-121.574953);
INSERT INTO Address VALUES('72', 'Campbell St & Riverside Ave', '', 'Santa Cruz','CA','95060',36.96985,-122.019473);
INSERT INTO Address VALUES('73', '20th St &  Dolores St', '', 'San Francisco','CA','94114',37.75823,-122.425582);
INSERT INTO Address VALUES('74', 'River Oaks Pky & Village Center Dr', '', 'San Jose','CA','95134',37.398259,-121.922367);
INSERT INTO Address VALUES('75', 'Dolores St &  San Jose Ave', '', 'San Francisco','CA','94110',37.74023,-122.423782);
INSERT INTO Address VALUES('76', '4th St & Howard St', '', 'San Francisco','CA','94103',37.783229,-122.402582);
INSERT INTO Address VALUES('77', 'Palm Dr & Arboretum Rd', '', 'Stanford','CA','94305',37.437838,-122.166975);
INSERT INTO Address VALUES('78', 'Millbrae Ave &  Willow Ave', '', 'Millbrae ','CA','94030',37.596635,-122.391083);
INSERT INTO Address VALUES('79', 'Campbell St & Riverside Ave', '', 'Santa Cruz','CA','95060',36.96985,-122.019473);
INSERT INTO Address VALUES('80', 'University Ave & Middlefield Rd', '', 'Palo Alto','CA','94301',37.450638,-122.156975);
INSERT INTO Address VALUES('81', 'Grant Rd & South Dr ', '', 'Mountain view','CA','94040',37.366941,-122.078073);
INSERT INTO Address VALUES('82', 'Telegraph Ave & Bancroft Way', '', 'Berkeley','CA','94704',37.868825,-122.25978);
INSERT INTO Address VALUES('83', 'San Antonio Rd & Middlefield Rd', '', 'Palo Alto','CA','94303',37.416239,-122.103474);
INSERT INTO Address VALUES('84', '20th St &  Dolores St', '', 'San Francisco','CA','94114',37.75823,-122.425582);
INSERT INTO Address VALUES('85', 'River Oaks Pky & Village Center Dr', '', 'San Jose','CA','95134',37.398259,-121.922367);
INSERT INTO Address VALUES('86', 'Dolores St &  San Jose Ave', '', 'San Francisco','CA','94110',37.74023,-122.423782);
INSERT INTO Address VALUES('87', '4th St & Howard St', '', 'San Francisco','CA','94103',37.783229,-122.402582);
INSERT INTO Address VALUES('88', 'Palm Dr & Arboretum Rd', '', 'Stanford','CA','94305',37.437838,-122.166975);
INSERT INTO Address VALUES('89', 'Millbrae Ave &  Willow Ave', '', 'Millbrae ','CA','94030',37.596635,-122.391083);
INSERT INTO Address VALUES('90', 'Paseo Padre Pky & Fremont Blvd', '', 'Fremont','CA','94555',37.575035,-122.041273);
INSERT INTO Address VALUES('91', 'University Ave & Middlefield Rd', '', 'Palo Alto','CA','94301',37.450638,-122.156975);
INSERT INTO Address VALUES('92', 'El Camino Real & Scott Blvd', '', 'Santa Clara','CA','95050',37.352141 ,-121.959569);
INSERT INTO Address VALUES('93', 'Telegraph Ave & Bancroft Way', '', 'Berkeley','CA','94704',37.868825,-122.25978);
INSERT INTO Address VALUES('94', 'San Antonio Rd & Middlefield Rd', '', 'Palo Alto','CA','94303',37.416239,-122.103474);
INSERT INTO Address VALUES('95', '20th St &  Dolores St', '', 'San Francisco','CA','94114',37.75823,-122.425582);
INSERT INTO Address VALUES('96', 'River Oaks Pky & Village Center Dr', '', 'San Jose','CA','95134',37.398259,-121.922367);
INSERT INTO Address VALUES('97', 'Dolores St &  San Jose Ave', '', 'San Francisco','CA','94110',37.74023,-122.423782);
INSERT INTO Address VALUES('98', 'Campbell St & Riverside Ave', '', 'Santa Cruz','CA','95060',36.96985,-122.019473);
INSERT INTO Address VALUES('99', 'Palm Dr & Arboretum Rd', '', 'Stanford','CA','94305',37.437838,-122.166975);
INSERT INTO Address VALUES('100', 'Leavesley Rd & Monterey Rd', '', 'Gilroy','CA','95020',37.019447,-121.574953);
INSERT INTO Address VALUES('101', 'Cesar Chavez St & Sanchez', '', 'San Francisco','CA','94131',37.74753,-122.428982);
INSERT INTO Address VALUES('102', 'University Ave & Middlefield Rd', '', 'Palo Alto','CA','94301',37.450638,-122.156975);

INSERT INTO SellerContactInfo VALUES('1', 'Brydon', 'Sean', 'abc@abc.xyz');
INSERT INTO SellerContactInfo VALUES('2', 'Singh', 'Inderjeet', 'abc@abc.xyz');
INSERT INTO SellerContactInfo VALUES('3', 'Basler', 'Mark', 'abc@abc.xyz');
INSERT INTO SellerContactInfo VALUES('4', 'Yoshida', 'Yutaka', 'abc@abc.xyz');
INSERT INTO SellerContactInfo VALUES('5', 'Kangath', 'Smitha', 'abc@abc.xyz');
INSERT INTO SellerContactInfo VALUES('6', 'Freeman', 'Larry', 'abc@abc.xyz');
INSERT INTO SellerContactInfo VALUES('7', 'Kaul', 'Jeet', 'abc@abc.xyz');
INSERT INTO SellerContactInfo VALUES('8', 'Burns', 'Ed', 'abc@abc.xyz');
INSERT INTO SellerContactInfo VALUES('9', 'McClanahan', 'Craig', 'abc@abc.xyz');
INSERT INTO SellerContactInfo VALUES('10', 'Murray', 'Greg', 'abc@abc.xyz');
INSERT INTO SellerContactInfo VALUES('11', 'Brydon', 'Sean', 'abc@abc.xyz');
INSERT INTO SellerContactInfo VALUES('12', 'Singh', 'Inderjeet', 'abc@abc.xyz');
INSERT INTO SellerContactInfo VALUES('13', 'Basler', 'Mark', 'abc@abc.xyz');
INSERT INTO SellerContactInfo VALUES('14', 'Yoshida', 'Yutaka', 'abc@abc.xyz');
INSERT INTO SellerContactInfo VALUES('15', 'Kangath', 'Smitha', 'abc@abc.xyz');
INSERT INTO SellerContactInfo VALUES('16', 'Freeman', 'Larry', 'abc@abc.xyz');
INSERT INTO SellerContactInfo VALUES('17', 'Kaul', 'Jeet', 'abc@abc.xyz');
INSERT INTO SellerContactInfo VALUES('18', 'Burns', 'Ed', 'abc@abc.xyz');
INSERT INTO SellerContactInfo VALUES('19', 'McClanahan', 'Craig', 'abc@abc.xyz');
INSERT INTO SellerContactInfo VALUES('20', 'Murray', 'Greg', 'abc@abc.xyz');
INSERT INTO SellerContactInfo VALUES('21', 'Brydon', 'Sean', 'abc@abc.xyz');
INSERT INTO SellerContactInfo VALUES('22', 'Singh', 'Inderjeet', 'abc@abc.xyz');
INSERT INTO SellerContactInfo VALUES('23', 'Basler', 'Mark', 'abc@abc.xyz');
INSERT INTO SellerContactInfo VALUES('24', 'Yoshida', 'Yutaka', 'abc@abc.xyz');
INSERT INTO SellerContactInfo VALUES('25', 'Kangath', 'Smitha', 'abc@abc.xyz');
INSERT INTO SellerContactInfo VALUES('26', 'Freeman', 'Larry', 'abc@abc.xyz');
INSERT INTO SellerContactInfo VALUES('27', 'Kaul', 'Jeet', 'abc@abc.xyz');
INSERT INTO SellerContactInfo VALUES('28', 'Burns', 'Ed', 'abc@abc.xyz');
INSERT INTO SellerContactInfo VALUES('29', 'McClanahan', 'Craig', 'abc@abc.xyz');
INSERT INTO SellerContactInfo VALUES('30', 'Murray', 'Greg', 'abc@abc.xyz');
INSERT INTO SellerContactInfo VALUES('31', 'Brydon', 'Sean', 'abc@abc.xyz');
INSERT INTO SellerContactInfo VALUES('32', 'Singh', 'Inderjeet', 'abc@abc.xyz');
INSERT INTO SellerContactInfo VALUES('33', 'Basler', 'Mark', 'abc@abc.xyz');
INSERT INTO SellerContactInfo VALUES('34', 'Yoshida', 'Yutaka', 'abc@abc.xyz');
INSERT INTO SellerContactInfo VALUES('35', 'Kangath', 'Smitha', 'abc@abc.xyz');
INSERT INTO SellerContactInfo VALUES('36', 'Freeman', 'Larry', 'abc@abc.xyz');
INSERT INTO SellerContactInfo VALUES('37', 'Kaul', 'Jeet', 'abc@abc.xyz');
INSERT INTO SellerContactInfo VALUES('38', 'Burns', 'Ed', 'abc@abc.xyz');
INSERT INTO SellerContactInfo VALUES('39', 'McClanahan', 'Craig', 'abc@abc.xyz');
INSERT INTO SellerContactInfo VALUES('40', 'Murray', 'Greg', 'abc@abc.xyz');
INSERT INTO SellerContactInfo VALUES('41', 'Brydon', 'Sean', 'abc@abc.xyz');
INSERT INTO SellerContactInfo VALUES('42', 'Singh', 'Inderjeet', 'abc@abc.xyz');
INSERT INTO SellerContactInfo VALUES('43', 'Basler', 'Mark', 'abc@abc.xyz');
INSERT INTO SellerContactInfo VALUES('44', 'Yoshida', 'Yutaka', 'abc@abc.xyz');
INSERT INTO SellerContactInfo VALUES('45', 'Kangath', 'Smitha', 'abc@abc.xyz');
INSERT INTO SellerContactInfo VALUES('46', 'Freeman', 'Larry', 'abc@abc.xyz');
INSERT INTO SellerContactInfo VALUES('47', 'Kaul', 'Jeet', 'abc@abc.xyz');
INSERT INTO SellerContactInfo VALUES('48', 'Burns', 'Ed', 'abc@abc.xyz');
INSERT INTO SellerContactInfo VALUES('49', 'McClanahan', 'Craig', 'abc@abc.xyz');
INSERT INTO SellerContactInfo VALUES('50', 'Murray', 'Greg', 'abc@abc.xyz');
INSERT INTO SellerContactInfo VALUES('51', 'Brydon', 'Sean', 'abc@abc.xyz');
INSERT INTO SellerContactInfo VALUES('52', 'Singh', 'Inderjeet', 'abc@abc.xyz');
INSERT INTO SellerContactInfo VALUES('53', 'Basler', 'Mark', 'abc@abc.xyz');
INSERT INTO SellerContactInfo VALUES('54', 'Yoshida', 'Yutaka', 'abc@abc.xyz');
INSERT INTO SellerContactInfo VALUES('55', 'Kangath', 'Smitha', 'abc@abc.xyz');
INSERT INTO SellerContactInfo VALUES('56', 'Freeman', 'Larry', 'abc@abc.xyz');
INSERT INTO SellerContactInfo VALUES('57', 'Kaul', 'Jeet', 'abc@abc.xyz');
INSERT INTO SellerContactInfo VALUES('58', 'Burns', 'Ed', 'abc@abc.xyz');
INSERT INTO SellerContactInfo VALUES('59', 'McClanahan', 'Craig', 'abc@abc.xyz');
INSERT INTO SellerContactInfo VALUES('60', 'Murray', 'Greg', 'abc@abc.xyz');
INSERT INTO SellerContactInfo VALUES('61', 'Brydon', 'Sean', 'abc@abc.xyz');
INSERT INTO SellerContactInfo VALUES('62', 'Singh', 'Inderjeet', 'abc@abc.xyz');
INSERT INTO SellerContactInfo VALUES('63', 'Basler', 'Mark', 'abc@abc.xyz');
INSERT INTO SellerContactInfo VALUES('64', 'Yoshida', 'Yutaka', 'abc@abc.xyz');
INSERT INTO SellerContactInfo VALUES('65', 'Kangath', 'Smitha', 'abc@abc.xyz');
INSERT INTO SellerContactInfo VALUES('66', 'Freeman', 'Larry', 'abc@abc.xyz');
INSERT INTO SellerContactInfo VALUES('67', 'Kaul', 'Jeet', 'abc@abc.xyz');
INSERT INTO SellerContactInfo VALUES('68', 'Burns', 'Ed', 'abc@abc.xyz');
INSERT INTO SellerContactInfo VALUES('69', 'McClanahan', 'Craig', 'abc@abc.xyz');
INSERT INTO SellerContactInfo VALUES('70', 'Murray', 'Greg', 'abc@abc.xyz');
INSERT INTO SellerContactInfo VALUES('71', 'Brydon', 'Sean', 'abc@abc.xyz');
INSERT INTO SellerContactInfo VALUES('72', 'Singh', 'Inderjeet', 'abc@abc.xyz');
INSERT INTO SellerContactInfo VALUES('73', 'Basler', 'Mark', 'abc@abc.xyz');
INSERT INTO SellerContactInfo VALUES('74', 'Yoshida', 'Yutaka', 'abc@abc.xyz');
INSERT INTO SellerContactInfo VALUES('75', 'Kangath', 'Smitha', 'abc@abc.xyz');
INSERT INTO SellerContactInfo VALUES('76', 'Freeman', 'Larry', 'abc@abc.xyz');
INSERT INTO SellerContactInfo VALUES('77', 'Kaul', 'Jeet', 'abc@abc.xyz');
INSERT INTO SellerContactInfo VALUES('78', 'Burns', 'Ed', 'abc@abc.xyz');
INSERT INTO SellerContactInfo VALUES('79', 'McClanahan', 'Craig', 'abc@abc.xyz');
INSERT INTO SellerContactInfo VALUES('80', 'Murray', 'Greg', 'abc@abc.xyz');
INSERT INTO SellerContactInfo VALUES('81', 'Brydon', 'Sean', 'abc@abc.xyz');
INSERT INTO SellerContactInfo VALUES('82', 'Singh', 'Inderjeet', 'abc@abc.xyz');
INSERT INTO SellerContactInfo VALUES('83', 'Basler', 'Mark', 'abc@abc.xyz');
INSERT INTO SellerContactInfo VALUES('84', 'Yoshida', 'Yutaka', 'abc@abc.xyz');
INSERT INTO SellerContactInfo VALUES('85', 'Kangath', 'Smitha', 'abc@abc.xyz');
INSERT INTO SellerContactInfo VALUES('86', 'Freeman', 'Larry', 'abc@abc.xyz');
INSERT INTO SellerContactInfo VALUES('87', 'Kaul', 'Jeet', 'abc@abc.xyz');
INSERT INTO SellerContactInfo VALUES('88', 'Burns', 'Ed', 'abc@abc.xyz');
INSERT INTO SellerContactInfo VALUES('89', 'McClanahan', 'Craig', 'abc@abc.xyz');
INSERT INTO SellerContactInfo VALUES('90', 'Murray', 'Greg', 'abc@abc.xyz');
INSERT INTO SellerContactInfo VALUES('91', 'Brydon', 'Sean', 'abc@abc.xyz');
INSERT INTO SellerContactInfo VALUES('92', 'Singh', 'Inderjeet', 'abc@abc.xyz');
INSERT INTO SellerContactInfo VALUES('93', 'Basler', 'Mark', 'abc@abc.xyz');
INSERT INTO SellerContactInfo VALUES('94', 'Yoshida', 'Yutaka', 'abc@abc.xyz');
INSERT INTO SellerContactInfo VALUES('95', 'Kangath', 'Smitha', 'abc@abc.xyz');
INSERT INTO SellerContactInfo VALUES('96', 'Freeman', 'Larry', 'abc@abc.xyz');
INSERT INTO SellerContactInfo VALUES('97', 'Kaul', 'Jeet', 'abc@abc.xyz');
INSERT INTO SellerContactInfo VALUES('98', 'Burns', 'Ed', 'abc@abc.xyz');
INSERT INTO SellerContactInfo VALUES('99', 'McClanahan', 'Craig', 'abc@abc.xyz');
INSERT INTO SellerContactInfo VALUES('100', 'Murray', 'Greg', 'abc@abc.xyz');
INSERT INTO SellerContactInfo VALUES('101', 'Brydon', 'Sean', 'abc@abc.xyz');
INSERT INTO SellerContactInfo VALUES('102', 'Singh', 'Inderjeet', 'abc@abc.xyz');

INSERT INTO Item VALUES('1', 'feline01', 'Friendly Cat', 'This black and white colored cat is super friendly. Anyone passing by your front yard will find him puring at their feet and trying to make a new friend. His name is Anthony, but I call him Ant as a nickname since he loves to eat ants and other insects.', 'images/anthony.jpg','images/anthony-s.jpg', 307.10,'1','1', 15, 3, 0);
INSERT INTO Item VALUES('2', 'feline01', 'Fluffy Cat', 'A great pet for a hair stylist! Have fun combing Bailey''s silver mane. Maybe trim his whiskers? He is very patient and loves to be pampered.', 'images/bailey.jpg','images/bailey-s.jpg', 307,'2','2', 15, 5, 0);
INSERT INTO Item VALUES('3', 'feline02', 'Sneaky Cat', 'My cat is so sneaky. He is so curious that he just has to poke his nose into everything going on in the house. Everytime I turn around, BAM, he is in the room peaking at what I am doing. Nothing escapes his keen eye. He should be a spy in the CIA!', 'images/bob.jpg','images/bob-s.jpg', 307.20,'3','3', 15, 7, 0);
INSERT INTO Item VALUES('4', 'feline02', 'Lazy Cat', 'A great pet to lounge on the sofa with. If you want a friend to watch TV with, this is the cat for you. Plus, she wont even ask for the remote! Really, could you ask for a better friend to lounge with?', 'images/chantelle.jpg','images/chantelle-s.jpg', 307.30,'4','4', 15, 5, 0);
INSERT INTO Item VALUES('5', 'feline01', 'Old Cat', 'A great old pet retired from duty in the circus. This fully-trained tiger is looking for a place to retire. Loves to roam free and loves to eat other animals.', 'images/charlie.jpg','images/charlie-s.jpg', 307,'5','5', 15, 5, 0);
INSERT INTO Item VALUES('6', 'feline02', 'Young Female cat', 'A great young pet to chase around. Loves to play with a ball of string. Bring some instant energy into your home.', 'images/elkie.jpg','images/elkie-s.jpg', 307.40,'6','6', 15, 5, 0);
INSERT INTO Item VALUES('7', 'feline01', 'Playful Female Cat', 'A needy pet. This cat refuses to grow up. Do you like playful spirits? I need lots of attention. Please do not leave me alone, not even for a minute.', 'images/faith.jpg','images/faith-s.jpg', 307,'7','7', 15, 5, 0);
INSERT INTO Item VALUES('8', 'feline01', 'White Fluffy Cat', 'This fluffy white cat looks like a snowball. Plus, she likes playing outside in the snow and it looks really cool to see this snowball cat run around on the ski slopes. I hope you have white carpet as this cat sheds lots of hair.', 'images/gaetano.jpg','images/gaetano-s.jpg', 307.50,'8','8', 15, 15, 0);
INSERT INTO Item VALUES('9', 'feline02', 'Tiger Stripe Cat', 'This little tiger thinks it has big teeth. A great wild pet for an adventurous person. May eat your other pets so be careful- just kidding. This little tiger is affectionate.', 'images/harmony.jpg','images/harmony-s.jpg', 307,'9','9', 15, 3, 0);
INSERT INTO Item VALUES('10', 'feline02', 'Alley Cat', 'Meow Meow in the back alley cat fights! This cat keeps the racoons away, but still has class.', 'images/katzen.jpg','images/katzen-s.jpg', 307.60,'10','10', 15, 5, 0);
INSERT INTO Item VALUES('11', 'feline02', 'Speedy Cat', 'Fastest and coolest cat in town. If you always wanted to own a cheetah, this cat is even faster and better looking. No dog could ever catch this bolt of lightening.', 'images/mario.jpg','images/mario-s.jpg', 307,'11','11', 15, 10, 0);
INSERT INTO Item VALUES('12', 'feline01', 'Stylish Cat', 'A high maintenance cat for an owner with time. This cat needs pampering: comb it hair, brush its teeth, wash its fur, paint its claws. For all you debutantes, let the world know you have arrived in style with this snooty cat in your purse!', 'images/mimi.jpg','images/mimi-s.jpg', 307.70,'12','12', 15, 4, 0);
INSERT INTO Item VALUES('13', 'feline01', 'Smelly Cat', 'A great pet with its own song to sing with your fiends. "Smelly cat, Smelly cat ..." Need an excuse for that funky odor in your house? Smelly cat is the answer.', 'images/monique.jpg','images/monique-s.jpg', 307.80,'13','13', 15, 8, 0);
INSERT INTO Item VALUES('14', 'feline01', 'Saber Cat', 'A great watch pet. Want to keep your roommates from stealing the beer from your refrigerator? This big-toothed crazy cat is better than a watchdog. Just place him on top of the refrigerator and watch him pounce when so-called friends try to sneak a beer. This cat is great fun at parties.', 'images/olie.jpg','images/olie-s.jpg', 307.90,'14','14', 15, 3, 0);
INSERT INTO Item VALUES('15', 'feline01', 'Sophisticated Cat', 'This cat is from Paris. It has a very distinguished history and is looking for a castle to play in. This sophisticated cat has class and taste. No chasing on string, no catnip habits. Only the habits of royalty in this cats blood.', 'images/paris.jpg','images/paris-s.jpg', 307,'15','15', 15, 4, 0);
INSERT INTO Item VALUES('16', 'feline01', 'Princess cat', 'Just beauty and elegance. She will charm you from the moment she enters the room.', 'images/princess.jpg','images/princess-s.jpg', 307,'16','16', 15, 5, 0);
INSERT INTO Item VALUES('17', 'feline02', 'Lazy cat', 'Wow! This cat is cool. It has a beautiful tan coat. I wish I could get a sun tan of that color.', 'images/simba.jpg','images/simba-s.jpg', 307,'17','17', 15, 3, 0);
INSERT INTO Item VALUES('18', 'feline02', 'Scapper male cat', 'A scappy cat that likes to cause trouble. If you are looking for a challenge to your cat training skills, this scapper is the test!', 'images/thaicat.jpg','images/thaicat-s.jpg', 307,'18','18', 15, 5, 0);
INSERT INTO Item VALUES('19', 'feline01', 'Lazy cat', 'Buy me please. I love to sleep.', 'images/cat1.gif','images/cat1.gif', 307,'19','19', 15, 6, 0);
INSERT INTO Item VALUES('20', 'feline01', 'Old Cat', 'A great old pet retired from duty in the circus. This fully-trained tiger is looking for a place to retire. Loves to roam free and loves to eat other animals.', 'images/cat2.gif','images/cat2.gif', 200,'20','20', 15, 3, 0);
INSERT INTO Item VALUES('21', 'feline01', 'Young Cat', 'A great young pet to chase around. Loves to play with a ball of string.', 'images/cat3.gif','images/cat3.gif', 350,'21','21', 15, 3, 0);
INSERT INTO Item VALUES('22', 'feline01', 'Scrappy Cat', 'A real trouble-maker in the neighborhood. Looking for some T.L.C', 'images/cat4.gif','images/cat4.gif', 417,'22','22', 15, 9, 0);
INSERT INTO Item VALUES('23', 'feline01', 'Alley Cat', 'Loves to play in the alley outside my apartment, but looking for a warmer and safer place to spend its nights.', 'images/cat5.gif','images/cat5.gif', 307, '23','23', 15, 5, 0);
INSERT INTO Item VALUES('24', 'feline02', 'Playful Cat', 'Come play with me. I am looking for fun.', 'images/cat7.gif','images/cat7.gif', 190, '24','24', 15, 3, 0);
INSERT INTO Item VALUES('25', 'feline02', 'Long Haired Cat', 'Buy this fancy cat.', 'images/cat8.gif', 'images/cat8.gif', 199,'25','25', 15, 8, 0);
INSERT INTO Item VALUES('26', 'feline02', 'Fresh Cat', 'Just need a nice bath and i will be fresh as a kitten.', 'images/cat9.gif','images/cat9.gif', 303,'26','26', 15, 14, 0);
INSERT INTO Item VALUES('27', 'feline02', 'Wild Cat', 'This wild tiger loves to play.', 'images/cat10.gif', 'images/cat10.gif', 527,'27','27', 15, 14, 0);
INSERT INTO Item VALUES('28', 'feline02', 'Saber Cat', 'Buy me', 'images/cat11.gif', 'images/cat11.gif', 237,'28','28', 15, 5, 0);
INSERT INTO Item VALUES('29', 'feline02', 'Snappy Cat', 'Buy Me.', 'images/cat12.gif', 'images/cat12.gif', 337,'29','29', 15, 5, 0);

INSERT INTO Item VALUES('100', 'canine02', 'Pretty Dog', 'Just like a statue or work of art she is so pretty. If you are an artist this dog is a perfect subject for your portraits. She is such a poser! She belongs in Hollywood with her own star on the wlak of fame.', 'images/biscuit.jpg','images/biscuit-s.jpg', 100,'30','30', 15, 3, 0);
INSERT INTO Item VALUES('101', 'canine01', 'Beach Dog', 'A great dog to lay in the Sun with, chases a frisbee like a champ, and can swim like a shark. Heck, he can ride a surfboard if you dont mind sharing.', 'images/harrison.jpg','images/harrison-s.jpg', 250,'31','31', 15, 5, 0);
INSERT INTO Item VALUES('102', 'canine01', 'Scrapper Dog', 'This scrapy woofer needs some clean up and some lessons. Help him out and take him home.', 'images/honey.jpg','images/honey-s.jpg', 257,'32','32', 20, 5, 0);
INSERT INTO Item VALUES('103', 'canine01', 'Intense Worker Dog', 'My dog is full on energy and intensity. He needs a constant challenge to keep him happy. Great for a farm or house in the country. Bring him to work with you.', 'images/hunter.jpg','images/hunter-s.jpg', 500,'33','33', 15, 5, 0);
INSERT INTO Item VALUES('104', 'canine02', 'Old Dog', 'This old geezer just wants to sleep at your feet. Slip him some food under the table and watch him wag his tail. Great dog for someone who retired before the dot-com bubble burst. A partner to loaf with.', 'images/jack.jpg','images/jack-s.jpg', 215,'34','34', 15, 7, 0);
INSERT INTO Item VALUES('105', 'canine01', 'Female Huskie', 'Live in a cold area? This dog has her own winter jacket. She loves the snow. She even loves to eat the snow. One time, I saw her eat a whole snowman ...it was crazy fun to watch.', 'images/lady.jpg','images/lady-s.jpg', 2000,'35','35', 15, 5, 0);
INSERT INTO Item VALUES('106', 'canine01', 'Rasta Dog', 'Hey mon! Want a dog to chill with. This dog wants the rasta life. You can see it in her eyes. The ocean, the sunshine, all you need is this dog to be complete.', 'images/maggie.jpg','images/maggie-s.jpg', 400,'36','36', 15, 3, 0);
INSERT INTO Item VALUES('107', 'canine01', 'Tough Dog', 'Need a guard dog? An excellent guard dog that would love to sit next to you and watch reruns of police shows on TV. And loves kids. Its like having a trusted babysitter to watch your kids and home.', 'images/marianna.jpg','images/marianna-s.jpg', 500,'37','37', 15, 7, 0);
INSERT INTO Item VALUES('108', 'canine02', 'Sad Puppy', 'Help to put a smile on the face of this puppy. What? You did not know dogs could smile? Well, see what happens when you drop some steak on the floor!', 'images/puppup.jpg','images/puppup-s.jpg', 99,'38','38', 15, 6, 0);
INSERT INTO Item VALUES('109', 'canine01', 'Speedy Dog', 'A great runner for a fast owner. This is the fastest dog I have ever seen. Its naturally fast and does not take steroids to improve its performance.', 'images/rita.jpg','images/rita-s.jpg', 25,'39','39', 15, 9, 0);
INSERT INTO Item VALUES('110', 'canine02', 'Young Dog', 'Ready to play! This young dog is eager to learn new tricks. Bring me home.', 'images/sabrina.jpg','images/sabrina-s.jpg', 79,'40','40', 15, 5, 0);
INSERT INTO Item VALUES('111', 'canine01', 'Sleepy Dog', 'This sleepy dog is perfect for a relaxed home. Plus she just seems to love old music. Anytime she is near an elevator, she just wags her tail waiting to hear that old music.', 'images/thaidog.jpg','images/thaidog-s.jpg', 1000,'41','41', 15, 3, 0);
INSERT INTO Item VALUES('112', 'canine01', 'Lazy Dog', 'OK, I can not get this dog to fetch the newspaper. Not even for a doggy biscuit. His name is "Rhymes". He is so lazy, it drives me crazy.', 'images/dog1.gif','images/dog1.gif', 200,'42','42', 15, 9, 0);
INSERT INTO Item VALUES('113', 'canine01', 'Old Dog', 'This old geezer just wants to sleep at your feet. Slip him some food under the table and watch him wag his tail.', 'images/dog2.gif','images/dog2.gif', 70,'43','43', 15, 11, 0);
INSERT INTO Item VALUES('114', 'canine01', 'Young Dog', 'A great young pet in need of training.', 'images/dog3.gif','images/dog3.gif', 301,'44','44', 15, 5, 0);
INSERT INTO Item VALUES('115', 'canine02', 'Scrapper Dog', 'This scrapy woofer needs some clean up and some lessons. Help him out and take him home.', 'images/dog4.gif','images/dog4.gif', 410,'45','45', 15, 5, 0);
INSERT INTO Item VALUES('116', 'canine02', 'Grey Hound', 'A great runner for a fast owner. This is the fastest dog I have ever seen. Its naturally fast and does not take steroids to improve its performance.', 'images/dog5.gif', 'images/dog5.gif', 200,'46','46', 15, 3, 0);
INSERT INTO Item VALUES('117', 'canine02', 'Beach Dog', 'A great dog to lay in the Sun with, chases a frisbee like a champ, and can swim like a shark. Heck, he can ride a surfboard if you dont mind sharing.', 'images/dog6.gif', 'images/dog6.gif', 200,'47','47', 15, 5, 0);

INSERT INTO Item VALUES('201', 'avian01', 'Sweet Parrot', 'This young little parrot is a great pet. It loves to sit on your finger, so you can where it just like a ring, but so much more exotic than a simple diamond.', 'images/parrot-popcorn.jpg', 'images/parrot-popcorn-s.jpg', 250,'48','48', 15, 5, 0);
INSERT INTO Item VALUES('202', 'avian01', 'Female Eclectus Parrot', 'This bird really loves apples. She is a great companion and is quite beautiful. Just look at those colors. The read and blue makes her look like superman! And she can fly too!', 'images/eclectus-female-med.jpg', 'images/eclectus-female-thumb.jpg', 250,'49','49', 15, 5, 0);
INSERT INTO Item VALUES('203', 'avian01', 'Galah Parrot', 'My Galah Parrot needs a new home. This new home should have lots of trees and absolutely NO cats. I dont say that because the cats might eat the bird. Rather, I say this Galah needs to stay away from cats so that the cats don''t get hurt. This Galah loves the taste of cat meat.', 'images/galah-parrot-med.jpg', 'images/galah-parrot-thumb.jpg', 900,'50','50', 15, 3, 0);
INSERT INTO Item VALUES('204', 'avian02', 'Kookaburra Bird', 'Little Kookaburra for sale. This Kookaburra is tame and likes to just sit to tree branches. A very easy to care for pet.', 'images/kookaburra-med.jpg', 'images/kookaburra-thumb.jpg', 100,'51','51', 15, 5, 0);
INSERT INTO Item VALUES('205', 'avian02', 'Orange LoveBird', 'Can this love bird bring you some love? I believe this orange lovebird will bring good luck to your life, and for just a small fee it can be yours.', 'images/lovebird-med.jpg', 'images/lovebird-thumb.jpg', 75,'52','52', 15, 7, 0);
INSERT INTO Item VALUES('206', 'avian02', 'Blue Peacock', 'Buy a blue peacock and be the envy of all your neighbors! Guaranteed to turn heads. You will meet everyone in your neighborhood as they come by to see this beauty.', 'images/peacock-blue-med.jpg', 'images/peacock-blue-thumb.jpg', 55,'53','53', 15, 10, 0);
INSERT INTO Item VALUES('207', 'avian02', 'Wild Peacock', 'OK, this peacock is wild. And I dont mean that it is not tame. I mean this thing really likes to party! Its the best dancer I have ever seen. Trust me on this.', 'images/peacock-med.jpg', 'images/peacock-thumb.jpg', 65,'54','54', 15, 5, 0);
INSERT INTO Item VALUES('208', 'avian02', 'White Peacock', 'My white peacock is like a work of art. Its beauty is refreshing. Consider this an investment, just like buying a painting.', 'images/peakcock-white-med.jpg', 'images/peacock-white-thumb.jpg', 195,'55','55', 15, 3, 0);
INSERT INTO Item VALUES('209', 'avian02', 'Rainbow Lorikeet', 'Color! Color! Color! The rainbow lorikeet is a beautiful bird.', 'images/rainbow-lorikeet-med.jpg', 'images/rainbow-lorikeet-thumb.jpg', 299,'56','56', 15, 5, 0);
INSERT INTO Item VALUES('210', 'avian02', 'Stone Eagle', 'My eagle is really tough. He is like a rock! In fact he is made of stone. Ok, he may not have a heart and maybe he can not fly, but he needs no food and is so easy to care for. And he has a great temperament, and in fact we have never had any disagreements at all.', 'images/eagle-stone-med.jpg', 'images/eagle-stone-thumb.jpg', 800,'57','57', 15, 10, 0);
INSERT INTO Item VALUES('211', 'avian02', 'Red Macaw', 'Look at this majestic beauty! The colors of this macaw are breath-taking. In fact, the colors are so strong you should make sure the furniture in your home matches this bird, as this will be the center-piece of your lovely home.', 'images/macaw.jpg', 'images/macaw-thumb.jpg', 1800,'58','58', 15, 3, 0);
INSERT INTO Item VALUES('212', 'avian01', 'Squaky Bird', 'A great noisy bird to drive your parents crazy. If you think playing a stereo loud will test your parents patience, wait till you try this screeching bird. It will fly around and cause a commotion that will have you laughing for days. This is a sure-fire way to get your parents to get you your own apartment.', 'images/CIMG9127.jpg', 'images/CIMG9127-s.jpg', 303,'59','59', 15, 7, 0);
INSERT INTO Item VALUES('213', 'avian01', 'Pink Bird', 'A beautiful pink bird. Its not white. Its not red. Its pink.', 'images/CIMG9104.jpg', 'images/CIMG9104-s.jpg', 3003,'60','60', 15, 5, 0);
INSERT INTO Item VALUES('214', 'avian02', 'Wild Bird', 'A wild bird. This little rebel thinks its not a house pet, but really it is as tame as a lap dog. It just looks so wild and impresses your friends. Owning this wild bird is cooler than getting a tatoo and hurts less!', 'images/CIMG9109.jpg', 'images/CIMG9109-s.jpg', 527,'61','61', 15, 7, 0);
INSERT INTO Item VALUES('215', 'avian02', 'Really Wild Bird', 'A really wild pet. This thing is like a zombie in a horror movie it is so wild. I tried for 2 years to tame this beast and all that happened was I got peck marks all over my hands. Maybe you are a former circus trainer looking for a challenge? If so this birdy needs a home.', 'images/CIMG9109.jpg', 'images/CIMG9109-s.jpg', 527,'62','62', 15, 5, 0);
INSERT INTO Item VALUES('216', 'avian02', 'Crazy Bird', 'This crazy bird once flew over the cukoos nest. Some people say that I am crazy. Well, you should meet my bird if you want to meet crazy. This bird is plain looney.', 'images/CIMG9109.jpg', 'images/CIMG9109-s.jpg', 527,'63','63', 15, 3, 0);
INSERT INTO Item VALUES('217', 'avian02', 'Smart Bird', 'A great smart pet. Perfect for an engineer. This pet is so smart it can do your coding for you. Just dont tell your boss!', 'images/CIMG9084.jpg','images/CIMG9084-s.jpg', 527,'64','64', 15, 5, 0);
INSERT INTO Item VALUES('218', 'avian02', 'Funny Bird', 'A great funny pet. Ever hear the joke about a bird, a hacker, and Java book? Well, this bird can tell it to you. It will make you laugh until you cry. Plus, it can teach you jokes which you can use at parties to impress your friends. That is right sir, this bird will make even you funny!', 'images/CIMG9109.jpg','images/CIMG9109-s.jpg', 527,'65','65', 15, 3, 0);
INSERT INTO Item VALUES('219', 'avian02', 'Active Bird', 'A great active pet. This bird once flew a marathon with me and did not get tired. It can fly along while you jog on the trails. Just make sure the hawks do not swoop down and eat it.', 'images/CIMG9088.jpg','images/CIMG9088-s.jpg', 527,'66','66', 15, 10, 0);
INSERT INTO Item VALUES('220', 'avian02', 'Curious Bird', 'A great curious birdy. Everything will pique this birds interest. It will investigate every new thing it sees.', 'images/CIMG9138.jpg','images/CIMG9109-s.jpg', 1527,'67','67', 15, 5, 0);
INSERT INTO Item VALUES('221', 'avian02', 'Itchy Bird', 'This bird needs some attention. I think he has dandruff in his feathers. He is always scratching so I knick-named him "Itchy". I wish I had claws like that to scratch MY head. Maybe if you are a good trainer, you can teach him to scratch your back nicely with those talons.', 'images/CIMG9129.jpg', 'images/CIMG9129-s.jpg', 200,'68','68', 15, 5, 0);

INSERT INTO Item VALUES('301', 'fish02', 'Spotted JellyFish', 'Buy Me.', 'images/spotted-jellyfish-med.jpg','images/spotted-jellyfish-thumb.jpg', 55,'69','69', 15, 5, 0);
INSERT INTO Item VALUES('302', 'fish01', 'Small Sea Nettle JellyFish', 'Buy Me.', 'images/sea-nettle-jellyfish-med.jpg','images/sea-nettle-jellyfish-thumb.jpg', 75,'70','70', 15, 5, 0);
INSERT INTO Item VALUES('303', 'fish02', 'RockFish', 'Buy Me.', 'images/rockfish-med.jpg','images/rockfish-thumb.jpg', 125,'71','71', 15, 5, 0);
INSERT INTO Item VALUES('304', 'fish02', 'Purple JellyFish', 'Buy Me.', 'images/purple-jellyfish-med.jpg','images/purple-jellyfish-thumb.jpg', 225,'72','72', 15, 5, 0);
INSERT INTO Item VALUES('305', 'fish02', 'White Octopus', 'Buy Me.', 'images/octopus-white-med.jpg','images/octopus-white-thumb.jpg', 2000,'73','73', 15, 5, 0);
INSERT INTO Item VALUES('306', 'fish02', 'Red Octopus', 'Buy Me.', 'images/octopus-red-med.jpg','images/octopus-red-thumb.jpg', 2000,'74','74', 15, 5, 0);
INSERT INTO Item VALUES('307', 'fish02', 'Koi', 'I love this fish. But my new roommate has a cat, and the cat just so does not seem to get along with the  fish. At first, I thought the cat was trying to just play with the fish, or maybe learn to swim. And then I remembered that show where they explained that Tuna is the chicken of the sea, but that does not mean its chicken. Not, its fish. And cats love tuna, so then I got scared and realized my fish is in danger. Help me! Buy my little chicken of the sea.', 'images/koi-med.jpg','images/koi-thumb.jpg', 150,'75','75', 15, 5, 0);
INSERT INTO Item VALUES('308', 'fish02', 'GlassFish', 'FREE! And open source! The best open source Java EE 5 application server project.', 'images/glassfish-colored-med.jpg','images/glassfish-colored-thumb.jpg', 0,'76','76', 15, 5, 0);
INSERT INTO Item VALUES('309', 'fish01', 'CuttleFish', 'This rare and spooky looking fish is the talk of town where I live!', 'images/cuttlefish-med.jpg','images/cuttlefish-thumb.jpg', 900,'77','77', 15, 5, 0);
INSERT INTO Item VALUES('310', 'fish01', 'Silver Carp Car', 'You will never believe the fish I caught! This is the ultimate fishing stories... seriously! I pulled this baby out of the forbidden lake behind the nuclear power plant.', 'images/carp-car-med.jpg','images/carp-car-thumb.jpg', 500,'78','78', 15, 5, 0);
INSERT INTO Item VALUES('311', 'fish02', 'Moon JellyFish', 'Buy Me.', 'images/moon-jelly-med.jpg','images/moon-jelly-thumb.jpg', 1225,'79','79', 15, 5, 0);
INSERT INTO Item VALUES('312', 'fish01', 'Sea Anemone', 'This colorful sea anemone will really brighten up your aquarium.', 'images/sea-anemone-med.jpg','images/sea-anemone-thumb.jpg', 112,'80','80', 15, 5, 0);
INSERT INTO Item VALUES('313', 'fish01', 'Gold Fish', 'Perfect for a first fish for a child. This fish is not good in the same tank as some bigger fish as they see this little gold fish as a snack.', 'images/fish2.gif','images/fish2.gif', 2,'81','81', 15, 5, 0);
INSERT INTO Item VALUES('314', 'fish01', 'Angel Fish', 'I love this fish. But my new roommate has a cat, and the cat just so does not seem to get along with the  fish. At first, I thought the cat was trying to just play with the fish, or maybe learn to swim. And then I remembered that show where they explained that Tuna is the chicken of the sea, but that does not mean its chicken. Not, its fish. And cats love tuna, so then I got scared and realized my fish is in danger. Help me! Buy my little chicken of the sea.', 'images/fish3.gif','images/fish3.gif', 100,'82','82', 15, 5, 0);
INSERT INTO Item VALUES('315', 'fish02', 'Striped Tropical', 'This large fish needs plenty of room to swim. Either a big aquarium or your bath tub.', 'images/fish4.gif','images/fish4.gif', 20,'83','83', 15, 5, 0);

INSERT INTO Item VALUES('401', 'reptile02', 'Hawaiian Green Gecko', 'Oloha Wahine! I am from Hawaii. I like to hang out on leaves and just kick back at the beach. You know you can not resist my shiny green skin. So what do you say, want to come visit me?', 'images/hawaiian-lizard-med.jpg','images/hawaiian-lizard-thumb.jpg', 110,'84','84', 15, 5, 0);
INSERT INTO Item VALUES('402', 'reptile02', 'African Spurred Tortoise', 'Many people get this as a pet, not realizing it will grow over time to be as large as an ottoman. I must confess, that I am one of those people. Which is why I am now trying to sell this tortoise -it is getting big and starting to scare me. Only homes with lots of room please. ', 'images/african-spurred-tortoise.jpg','images/african-spurred-tortoise-thumb.jpg', 300,'85','85', 15, 3, 0);
INSERT INTO Item VALUES('403', 'reptile02', 'Small Box Turtle', 'Cute little turtle for sale. This box turtle is easy to care for and just needs a good home.', 'images/box-turtle.jpg','images/box-turtle-thumb.jpg', 5000,'86','86', 15, 4, 0);
INSERT INTO Item VALUES('404', 'reptile02', 'Mexican Redkneed Tarantula', 'No, I am not reptile food! But if you like exotic reptiles, well maybe you would like me too? I promise not to bite you and turn you into spiderman, unless that is what you want. Perhaps you want to climb walls with me?', 'images/mexican-redkneed-tarantula.jpg','images/mexican-redkneed-tarantula-thumb.jpg', 530,'87','87', 15, 5, 0);
INSERT INTO Item VALUES('405', 'reptile02', 'Large Box Turtle', 'Turtles are very nice creatures. This large Box Turtle is super fast. Well, compared to other turtles in the neighborhood, this is the Cheetah of turtles.', 'images/box-turtle2.jpg','images/box-turtle2-thumb.jpg', 5000,'88','88', 15, 4, 0);
INSERT INTO Item VALUES('406', 'reptile02', 'California Desert Tortoise', 'An endangered tortoise. We are lookng for a zoo to house this beautiful creature. It has a quite nice disposition and will let children pet its shell to discover the mysteries of biology.', 'images/california-desert-tortoise.jpg','images/california-desert-tortoise-thumb.jpg', 599,'89','89', 15, 3, 0);
INSERT INTO Item VALUES('407', 'reptile01', 'Florida King Snake', 'This Florida King Snake is really nice. It may look spooky and scare your friends at first, but eventually they will learn to love this slippery snake.', 'images/florida-king-snake.jpg','images/florida-king-snake-thumb.jpg', 150,'90','90', 15, 6, 0);
INSERT INTO Item VALUES('408', 'reptile01', 'Leopard Gecko', 'My little leopard gecko needs a new home. If you are interested in purchasing this gecko, I advise you to hurry as it is bound to sell fast.', 'images/leopard-gecko.jpg','images/leopard-gecko-thumb.jpg', 700,'91','91', 15, 3, 0);
INSERT INTO Item VALUES('409', 'reptile02', 'Prehensile Tailed Skink', 'Long Tailed Prehensile Tailed Skink for sale. This is the longest tail I have ever seen on a lizard. It goes on for days. Notice the gloves? Be aware of the sharp claws when holding this lizard, even though she is very nice.', 'images/prehensile-tailed-skink.jpg','images/prehensile-tailed-skink-thumb.jpg', 800,'92','92', 15, 6, 0);
INSERT INTO Item VALUES('410', 'reptile02', 'African Spurred Tortoise', 'This is not a turtle, it is an African Spurred Tortoise. It grows to get really large. Maybe you have a big yard and can really care for this tortoise? If so, now is your chance to buy it.', 'images/african-spurred-tortoise2.jpg','images/african-spurred-tortoise2-thumb.jpg', 125,'93','93', 15, 5, 0);
INSERT INTO Item VALUES('411', 'reptile02', 'Box Turtle', 'This box turtle needs a new home. I am moving and unfortunately must sell all my animals.', 'images/box-turtle3.jpg','images/box-turtle3-thumb.jpg', 900,'94','94', 15, 5, 0);
INSERT INTO Item VALUES('412', 'reptile01', 'Prehensile Tailed Skink', 'My lizard is really cool and all my school friends are really impressed when I bring it to show-and-tell. But, the other day at home, he escaped from his cage and it REALLY freaked my mom out. Now she is mad at me. Sigh, since I can not sell my Mom, please buy my lizard.', 'images/prehensile-tailed-skink2.jpg','images/prehensile-tailed-skink2-thumb.jpg', 5000,'95','95', 15, 3, 0);
INSERT INTO Item VALUES('413', 'reptile01', 'Leopard Gecko', 'Are you seeing spots in front of your eyes? No you are not sleepy. That is just the affect of my gecko and his beautiful spotted skin.', 'images/leopard-gecko2.jpg','images/leopard-gecko-thumb2.jpg', 1200,'96','96', 15, 4, 0);
INSERT INTO Item VALUES('414', 'reptile01', 'Guinea Pig', 'Oh no! I dont like snakes at all. Why am I here in this list surrounded by serpents? Help save me! Take me home to a nice warm cage with fresh newspaper. ', 'images/guinea-pig.jpg','images/guinea-pig-thumb.jpg', 1000,'97','97', 15, 4, 0);
INSERT INTO Item VALUES('415', 'reptile01', 'Iron Dragon', 'Just look at this fierce beast. This is so tough its like a secret military weapon.', 'images/dragon-iron-med.jpg','images/dragon-iron-thumb.jpg', 500,'98','98', 15, 3, 0);
INSERT INTO Item VALUES('416', 'reptile01', 'Green slider', 'This snake looks like a lizard! It must be rare since I have never seen one like it.', 'images/lizard3.gif','images/lizard3.gif', 10,'99','99', 15, 4, 0);
INSERT INTO Item VALUES('417', 'reptile02', 'Green Iguana', 'This is one proud and tough lizard. He holds his head high in any circumstance.', 'images/lizard1.gif','images/lizard1.gif', 2100,'100','100', 15, 5, 0);
INSERT INTO Item VALUES('418', 'reptile02', 'Iguana', 'My iguana needs a home. His tail is really long. He is very nice.', 'images/lizard2.gif','images/lizard2.gif', 500,'101','101', 15, 5, 0);
INSERT INTO Item VALUES('419', 'reptile02', 'Frog', 'This little green frog was rescued from the chef in the kitchen of a french restaurant. If I had not acted quickly, his legs would have been appetizers. Now for just a small fee you can buy him as your pet.', 'images/frog1.gif','images/frog1.gif', 1500,'102','102', 15, 3, 0);

INSERT INTO Tag VALUES(1,'awesome',5);
INSERT INTO Tag VALUES(2,'interesting',2);
INSERT INTO Tag VALUES(3,'cool',10);
INSERT INTO Tag VALUES(4,'excellent',20);
INSERT INTO Tag VALUES(5,'fun',20);
INSERT INTO Tag VALUES(6,'worthless',4);
INSERT INTO Tag VALUES(7,'superior',10);
INSERT INTO Tag VALUES(8,'inferior',4);

INSERT INTO Tag_Item VALUES(1, '1');
INSERT INTO Tag_Item VALUES(1, '2');
INSERT INTO Tag_Item VALUES(1, '3');
INSERT INTO Tag_Item VALUES(1, '4');
INSERT INTO Tag_Item VALUES(1, '5');
INSERT INTO Tag_Item VALUES(2, '1');
INSERT INTO Tag_Item VALUES(2, '2');
INSERT INTO Tag_Item VALUES(3, '1');
INSERT INTO Tag_Item VALUES(3, '2');
INSERT INTO Tag_Item VALUES(3, '3');
INSERT INTO Tag_Item VALUES(3, '4');
INSERT INTO Tag_Item VALUES(3, '5');
INSERT INTO Tag_Item VALUES(3, '6');
INSERT INTO Tag_Item VALUES(3, '7');
INSERT INTO Tag_Item VALUES(3, '8');
INSERT INTO Tag_Item VALUES(3, '9');
INSERT INTO Tag_Item VALUES(3, '10');
INSERT INTO Tag_Item VALUES(4, '8');
INSERT INTO Tag_Item VALUES(4, '9');
INSERT INTO Tag_Item VALUES(4, '10');
INSERT INTO Tag_Item VALUES(4, '11');
INSERT INTO Tag_Item VALUES(4, '12');
INSERT INTO Tag_Item VALUES(4, '13');
INSERT INTO Tag_Item VALUES(4, '14');
INSERT INTO Tag_Item VALUES(4, '15');
INSERT INTO Tag_Item VALUES(4, '16');
INSERT INTO Tag_Item VALUES(4, '17');
INSERT INTO Tag_Item VALUES(4, '18');
INSERT INTO Tag_Item VALUES(4, '19');
INSERT INTO Tag_Item VALUES(4, '20');
INSERT INTO Tag_Item VALUES(4, '21');
INSERT INTO Tag_Item VALUES(4, '22');
INSERT INTO Tag_Item VALUES(4, '23');
INSERT INTO Tag_Item VALUES(4, '24');
INSERT INTO Tag_Item VALUES(4, '25');
INSERT INTO Tag_Item VALUES(4, '26');
INSERT INTO Tag_Item VALUES(4, '27');
INSERT INTO Tag_Item VALUES(5, '28');
INSERT INTO Tag_Item VALUES(5, '29');
INSERT INTO Tag_Item VALUES(5, '100');
INSERT INTO Tag_Item VALUES(5, '101');
INSERT INTO Tag_Item VALUES(5, '102');
INSERT INTO Tag_Item VALUES(5, '103');
INSERT INTO Tag_Item VALUES(5, '104');
INSERT INTO Tag_Item VALUES(5, '105');
INSERT INTO Tag_Item VALUES(5, '106');
INSERT INTO Tag_Item VALUES(5, '107');
INSERT INTO Tag_Item VALUES(5, '108');
INSERT INTO Tag_Item VALUES(5, '109');
INSERT INTO Tag_Item VALUES(5, '110');
INSERT INTO Tag_Item VALUES(5, '111');
INSERT INTO Tag_Item VALUES(5, '112');
INSERT INTO Tag_Item VALUES(5, '113');
INSERT INTO Tag_Item VALUES(5, '114');
INSERT INTO Tag_Item VALUES(5, '115');
INSERT INTO Tag_Item VALUES(5, '116');
INSERT INTO Tag_Item VALUES(5, '117');
INSERT INTO Tag_Item VALUES(6, '401');
INSERT INTO Tag_Item VALUES(6, '402');
INSERT INTO Tag_Item VALUES(6, '403');
INSERT INTO Tag_Item VALUES(6, '404');
INSERT INTO Tag_Item VALUES(7, '405');
INSERT INTO Tag_Item VALUES(7, '406');
INSERT INTO Tag_Item VALUES(7, '407');
INSERT INTO Tag_Item VALUES(7, '408');
INSERT INTO Tag_Item VALUES(7, '409');
INSERT INTO Tag_Item VALUES(7, '410');
INSERT INTO Tag_Item VALUES(7, '411');
INSERT INTO Tag_Item VALUES(7, '412');
INSERT INTO Tag_Item VALUES(7, '413');
INSERT INTO Tag_Item VALUES(7, '414');
INSERT INTO Tag_Item VALUES(8, '415');
INSERT INTO Tag_Item VALUES(8, '416');
INSERT INTO Tag_Item VALUES(8, '417');
INSERT INTO Tag_Item VALUES(8, '418');


INSERT INTO Id_Gen VALUES('ITEM_ID',419);
INSERT INTO Id_Gen VALUES('ADDRESS_ID',102);
INSERT INTO Id_Gen VALUES('CONTACT_INFO_ID',102);
INSERT INTO Id_Gen VALUES('TAG_ID',8);


INSERT INTO ZipLocation(zipCode, city, state) values (31794,"Abac","GA");
INSERT INTO ZipLocation(zipCode, city, state) values (36310,"Abbeville","AL");
INSERT INTO ZipLocation(zipCode, city, state) values (31001,"Abbeville","GA");
INSERT INTO ZipLocation(zipCode, city, state) values (38601,"Abbeville","MS");
INSERT INTO ZipLocation(zipCode, city, state) values (29620,"Abbeville","SC");
INSERT INTO ZipLocation(zipCode, city, state) values (4406,"Abbot Village","ME");
INSERT INTO ZipLocation(zipCode, city, state) values (54405,"Abbotsford","WI");
INSERT INTO ZipLocation(zipCode, city, state) values (76621,"Abbott","TX");
INSERT INTO ZipLocation(zipCode, city, state) values (60064,"Abbott Park","IL");
INSERT INTO ZipLocation(zipCode, city, state) values (17301,"Abbottstown","PA");
INSERT INTO ZipLocation(zipCode, city, state) values (67510,"Abbyville","KS");
INSERT INTO ZipLocation(zipCode, city, state) values (20606,"Abell","MD");
INSERT INTO ZipLocation(zipCode, city, state) values (21001,"Aberdeen","MD");
INSERT INTO ZipLocation(zipCode, city, state) values (39730,"Aberdeen","MS");
INSERT INTO ZipLocation(zipCode, city, state) values (28315,"Aberdeen","NC");
INSERT INTO ZipLocation(zipCode, city, state) values (45101,"Aberdeen","OH");
INSERT INTO ZipLocation(zipCode, city, state) values (57401,"Aberdeen","SD");
INSERT INTO ZipLocation(zipCode, city, state) values (98520,"Aberdeen","WA");
INSERT INTO ZipLocation(zipCode, city, state) values (21005,"Aberdeen Proving","MD");
INSERT INTO ZipLocation(zipCode, city, state) values (79311,"Abernathy","TX");
INSERT INTO ZipLocation(zipCode, city, state) values (68001,"Abie","NE");
INSERT INTO ZipLocation(zipCode, city, state) values (67410,"Abilene","KS");
INSERT INTO ZipLocation(zipCode, city, state) values (79601,"Abilene","TX");
INSERT INTO ZipLocation(zipCode, city, state) values (61410,"Abingdon","IL");
INSERT INTO ZipLocation(zipCode, city, state) values (21009,"Abingdon","MD");
INSERT INTO ZipLocation(zipCode, city, state) values (24210,"Abingdon","VA");
INSERT INTO ZipLocation(zipCode, city, state) values (2351,"Abington","MA");
INSERT INTO ZipLocation(zipCode, city, state) values (87510,"Abiquiu","NM");
INSERT INTO ZipLocation(zipCode, city, state) values (70420,"Abita Springs","LA");
INSERT INTO ZipLocation(zipCode, city, state) values (25918,"Abraham","WV");
INSERT INTO ZipLocation(zipCode, city, state) values (54101,"Abrams","WI");
INSERT INTO ZipLocation(zipCode, city, state) values (58002,"Absaraka","ND");
INSERT INTO ZipLocation(zipCode, city, state) values (59001,"Absarokee","MT");
INSERT INTO ZipLocation(zipCode, city, state) values (57369,"Academy","SD");
INSERT INTO ZipLocation(zipCode, city, state) values (95220,"Acampo","CA");
INSERT INTO ZipLocation(zipCode, city, state) values (21520,"Accident","MD");
INSERT INTO ZipLocation(zipCode, city, state) values (20607,"Accokeek","MD");
INSERT INTO ZipLocation(zipCode, city, state) values (23301,"Accomac","VA");
INSERT INTO ZipLocation(zipCode, city, state) values (12404,"Accord","NY");
INSERT INTO ZipLocation(zipCode, city, state) values (83350,"Acequia","ID");
INSERT INTO ZipLocation(zipCode, city, state) values (79713,"Ackerly","TX");
INSERT INTO ZipLocation(zipCode, city, state) values (39735,"Ackerman","MS");
INSERT INTO ZipLocation(zipCode, city, state) values (50601,"Ackley","IA");
INSERT INTO ZipLocation(zipCode, city, state) values (50001,"Ackworth","IA");
INSERT INTO ZipLocation(zipCode, city, state) values (35004,"Acmar","AL");
INSERT INTO ZipLocation(zipCode, city, state) values (71316,"Acme","LA");
INSERT INTO ZipLocation(zipCode, city, state) values (15610,"Acme","PA");
INSERT INTO ZipLocation(zipCode, city, state) values (98220,"Acme","WA");
INSERT INTO ZipLocation(zipCode, city, state) values (82839,"Acme","WY");
INSERT INTO ZipLocation(zipCode, city, state) values (12405,"Acra","NY");
INSERT INTO ZipLocation(zipCode, city, state) values (93510,"Acton","CA");
INSERT INTO ZipLocation(zipCode, city, state) values (46259,"Acton","IN");
INSERT INTO ZipLocation(zipCode, city, state) values (1720,"Acton","MA");
INSERT INTO ZipLocation(zipCode, city, state) values (4001,"Acton","ME");
INSERT INTO ZipLocation(zipCode, city, state) values (59002,"Acton","MT");
INSERT INTO ZipLocation(zipCode, city, state) values (2743,"Acushnet","MA");
INSERT INTO ZipLocation(zipCode, city, state) values (30101,"Acworth","GA");
INSERT INTO ZipLocation(zipCode, city, state) values (67414,"Ada","KS");
INSERT INTO ZipLocation(zipCode, city, state) values (49301,"Ada","MI");
INSERT INTO ZipLocation(zipCode, city, state) values (45810,"Ada","OH");
INSERT INTO ZipLocation(zipCode, city, state) values (74820,"Ada","OK");
INSERT INTO ZipLocation(zipCode, city, state) values (15410,"Adah","PA");
INSERT INTO ZipLocation(zipCode, city, state) values (50002,"Adair","IA");
INSERT INTO ZipLocation(zipCode, city, state) values (61411,"Adair","IL");
INSERT INTO ZipLocation(zipCode, city, state) values (74330,"Adair","OK");
INSERT INTO ZipLocation(zipCode, city, state) values (30103,"Adairsville","GA");
INSERT INTO ZipLocation(zipCode, city, state) values (42202,"Adairville","KY");
INSERT INTO ZipLocation(zipCode, city, state) values (5640,"Adamant","VT");
INSERT INTO ZipLocation(zipCode, city, state) values (47240,"Adams","IN");
INSERT INTO ZipLocation(zipCode, city, state) values (41201,"Adams","KY");
INSERT INTO ZipLocation(zipCode, city, state) values (1220,"Adams","MA");
INSERT INTO ZipLocation(zipCode, city, state) values (55909,"Adams","MN");
INSERT INTO ZipLocation(zipCode, city, state) values (58210,"Adams","ND");
INSERT INTO ZipLocation(zipCode, city, state) values (68301,"Adams","NE");
INSERT INTO ZipLocation(zipCode, city, state) values (97810,"Adams","OR");
INSERT INTO ZipLocation(zipCode, city, state) values (37010,"Adams","TN");
INSERT INTO ZipLocation(zipCode, city, state) values (53910,"Adams","WI");
INSERT INTO ZipLocation(zipCode, city, state) values (14410,"Adams Basin","NY");
INSERT INTO ZipLocation(zipCode, city, state) values (13606,"Adams Center","NY");
INSERT INTO ZipLocation(zipCode, city, state) values (43821,"Adams Mills","OH");
INSERT INTO ZipLocation(zipCode, city, state) values (15611,"Adamsburg","PA");
INSERT INTO ZipLocation(zipCode, city, state) values (19501,"Adamstown","PA");
INSERT INTO ZipLocation(zipCode, city, state) values (35005,"Adamsville","AL");
INSERT INTO ZipLocation(zipCode, city, state) values (43802,"Adamsville","OH");
INSERT INTO ZipLocation(zipCode, city, state) values (16110,"Adamsville","PA");
INSERT INTO ZipLocation(zipCode, city, state) values (38310,"Adamsville","TN");
INSERT INTO ZipLocation(zipCode, city, state) values (70710,"Addis","LA");
INSERT INTO ZipLocation(zipCode, city, state) values (35540,"Addison","AL");
INSERT INTO ZipLocation(zipCode, city, state) values (60101,"Addison","IL");
INSERT INTO ZipLocation(zipCode, city, state) values (4606,"Addison","ME");
INSERT INTO ZipLocation(zipCode, city, state) values (49220,"Addison","MI");
INSERT INTO ZipLocation(zipCode, city, state) values (14801,"Addison","NY");
INSERT INTO ZipLocation(zipCode, city, state) values (15411,"Addison","PA");
INSERT INTO ZipLocation(zipCode, city, state) values (48367,"Addison Township","MI");
INSERT INTO ZipLocation(zipCode, city, state) values (99101,"Addy","WA");
INSERT INTO ZipLocation(zipCode, city, state) values (45001,"Addyston","OH");
INSERT INTO ZipLocation(zipCode, city, state) values (31620,"Adel","GA");
INSERT INTO ZipLocation(zipCode, city, state) values (50003,"Adel","IA");
INSERT INTO ZipLocation(zipCode, city, state) values (97620,"Adel","OR");
INSERT INTO ZipLocation(zipCode, city, state) values (93446,"Adelaide","CA");
INSERT INTO ZipLocation(zipCode, city, state) values (92301,"Adelanto","CA");
INSERT INTO ZipLocation(zipCode, city, state) values (53001,"Adell","WI");
INSERT INTO ZipLocation(zipCode, city, state) values (20783,"Adelphi","MD");
INSERT INTO ZipLocation(zipCode, city, state) values (43901,"Adena","OH");
INSERT INTO ZipLocation(zipCode, city, state) values (35006,"Adger","AL");
INSERT INTO ZipLocation(zipCode, city, state) values (96006,"Adin","CA");
INSERT INTO ZipLocation(zipCode, city, state) values (12808,"Adirondack","NY");
INSERT INTO ZipLocation(zipCode, city, state) values (78101,"Adkins","TX");
INSERT INTO ZipLocation(zipCode, city, state) values (66830,"Admire","KS");
INSERT INTO ZipLocation(zipCode, city, state) values (42120,"Adolphus","KY");
INSERT INTO ZipLocation(zipCode, city, state) values (72001,"Adona","AR");
INSERT INTO ZipLocation(zipCode, city, state) values (31002,"Adrian","GA");
INSERT INTO ZipLocation(zipCode, city, state) values (49221,"Adrian","MI");
INSERT INTO ZipLocation(zipCode, city, state) values (56110,"Adrian","MN");
INSERT INTO ZipLocation(zipCode, city, state) values (64720,"Adrian","MO");
INSERT INTO ZipLocation(zipCode, city, state) values (58472,"Adrian","ND");
INSERT INTO ZipLocation(zipCode, city, state) values (97901,"Adrian","OR");
INSERT INTO ZipLocation(zipCode, city, state) values (16210,"Adrian","PA");
INSERT INTO ZipLocation(zipCode, city, state) values (79001,"Adrian","TX");
INSERT INTO ZipLocation(zipCode, city, state) values (26210,"Adrian","WV");
INSERT INTO ZipLocation(zipCode, city, state) values (63730,"Advance","MO");
INSERT INTO ZipLocation(zipCode, city, state) values (27006,"Advance","NC");
INSERT INTO ZipLocation(zipCode, city, state) values (22968,"Advance Mills","VA");
INSERT INTO ZipLocation(zipCode, city, state) values (25231,"Advent","WV");
INSERT INTO ZipLocation(zipCode, city, state) values (63123,"Affton","MO");
INSERT INTO ZipLocation(zipCode, city, state) values (41529,"Aflex","KY");
INSERT INTO ZipLocation(zipCode, city, state) values (50830,"Afton","IA");
INSERT INTO ZipLocation(zipCode, city, state) values (49705,"Afton","MI");
INSERT INTO ZipLocation(zipCode, city, state) values (55001,"Afton","MN");
INSERT INTO ZipLocation(zipCode, city, state) values (13730,"Afton","NY");
INSERT INTO ZipLocation(zipCode, city, state) values (37616,"Afton","TN");
INSERT INTO ZipLocation(zipCode, city, state) values (79220,"Afton","TX");
INSERT INTO ZipLocation(zipCode, city, state) values (22920,"Afton","VA");
INSERT INTO ZipLocation(zipCode, city, state) values (83110,"Afton","WY");
INSERT INTO ZipLocation(zipCode, city, state) values (57520,"Agar","SD");
INSERT INTO ZipLocation(zipCode, city, state) values (80101,"Agate","CO");
INSERT INTO ZipLocation(zipCode, city, state) values (1001,"Agawam","MA");
INSERT INTO ZipLocation(zipCode, city, state) values (52530,"Agency","IA");
INSERT INTO ZipLocation(zipCode, city, state) values (64401,"Agency","MO");
INSERT INTO ZipLocation(zipCode, city, state) values (57262,"Agency Village","SD");
INSERT INTO ZipLocation(zipCode, city, state) values (66930,"Agenda","KS");
INSERT INTO ZipLocation(zipCode, city, state) values (40801,"Ages Brookside","KY");
INSERT INTO ZipLocation(zipCode, city, state) values (97406,"Agness","OR");
INSERT INTO ZipLocation(zipCode, city, state) values (68428,"Agnew","NE");
INSERT INTO ZipLocation(zipCode, city, state) values (72513,"Agnos","AR");
INSERT INTO ZipLocation(zipCode, city, state) values (67621,"Agra","KS");
INSERT INTO ZipLocation(zipCode, city, state) values (74824,"Agra","OK");
INSERT INTO ZipLocation(zipCode, city, state) values (39452,"Agricola","MS");
INSERT INTO ZipLocation(zipCode, city, state) values (91350,"Agua Dulce","CA");
INSERT INTO ZipLocation(zipCode, city, state) values (92536,"Aguanga","CA");
INSERT INTO ZipLocation(zipCode, city, state) values (81020,"Aguilar","CO");
INSERT INTO ZipLocation(zipCode, city, state) values (27910,"Ahoskie","NC");
INSERT INTO ZipLocation(zipCode, city, state) values (83520,"Ahsahka","ID");
INSERT INTO ZipLocation(zipCode, city, state) values (93601,"Ahwahnee","CA");
INSERT INTO ZipLocation(zipCode, city, state) values (96701,"Aiea","HI");
INSERT INTO ZipLocation(zipCode, city, state) values (29801,"Aiken","SC");
INSERT INTO ZipLocation(zipCode, city, state) values (30410,"Ailey","GA");
INSERT INTO ZipLocation(zipCode, city, state) values (71401,"Aimwell","LA");
INSERT INTO ZipLocation(zipCode, city, state) values (52201,"Ainsworth","IA");
INSERT INTO ZipLocation(zipCode, city, state) values (69210,"Ainsworth","NE");
INSERT INTO ZipLocation(zipCode, city, state) values (22186,"Airlie","VA");
INSERT INTO ZipLocation(zipCode, city, state) values (34622,"Airport","FL");
INSERT INTO ZipLocation(zipCode, city, state) values (17302,"Airville","PA");
INSERT INTO ZipLocation(zipCode, city, state) values (56431,"Aitkin","MN");
INSERT INTO ZipLocation(zipCode, city, state) values (57420,"Akaska","SD");
INSERT INTO ZipLocation(zipCode, city, state) values (56433,"Akeley","MN");
INSERT INTO ZipLocation(zipCode, city, state) values (99615,"Akhiok","AK");
INSERT INTO ZipLocation(zipCode, city, state) values (99551,"Akiachak","AK");
INSERT INTO ZipLocation(zipCode, city, state) values (99552,"Akiak","AK");
INSERT INTO ZipLocation(zipCode, city, state) values (80720,"Akron","CO");
INSERT INTO ZipLocation(zipCode, city, state) values (51001,"Akron","IA");
INSERT INTO ZipLocation(zipCode, city, state) values (46910,"Akron","IN");
INSERT INTO ZipLocation(zipCode, city, state) values (48701,"Akron","MI");
INSERT INTO ZipLocation(zipCode, city, state) values (14001,"Akron","NY");
INSERT INTO ZipLocation(zipCode, city, state) values (44301,"Akron","OH");
INSERT INTO ZipLocation(zipCode, city, state) values (17501,"Akron","PA");
INSERT INTO ZipLocation(zipCode, city, state) values (99553,"Akutan","AK");
INSERT INTO ZipLocation(zipCode, city, state) values (14003,"Alabama","NY");
INSERT INTO ZipLocation(zipCode, city, state) values (82710,"Aladdin","WY");
INSERT INTO ZipLocation(zipCode, city, state) values (99554,"Alakanuk","AK");
INSERT INTO ZipLocation(zipCode, city, state) values (87114,"Alameda","NM");
INSERT INTO ZipLocation(zipCode, city, state) values (94507,"Alamo","CA");
INSERT INTO ZipLocation(zipCode, city, state) values (30411,"Alamo","GA");
INSERT INTO ZipLocation(zipCode, city, state) values (87825,"Alamo","NM");
INSERT INTO ZipLocation(zipCode, city, state) values (89001,"Alamo","NV");
INSERT INTO ZipLocation(zipCode, city, state) values (38001,"Alamo","TN");
INSERT INTO ZipLocation(zipCode, city, state) values (78516,"Alamo","TX");
INSERT INTO ZipLocation(zipCode, city, state) values (78209,"Alamo Heights","TX");
INSERT INTO ZipLocation(zipCode, city, state) values (88310,"Alamogordo","NM");
INSERT INTO ZipLocation(zipCode, city, state) values (81101,"Alamosa","CO");
INSERT INTO ZipLocation(zipCode, city, state) values (67839,"Alamota","KS");
INSERT INTO ZipLocation(zipCode, city, state) values (49706,"Alanson","MI");
INSERT INTO ZipLocation(zipCode, city, state) values (31622,"Alapaha","GA");
INSERT INTO ZipLocation(zipCode, city, state) values (75410,"Alba","TX");
INSERT INTO ZipLocation(zipCode, city, state) values (94706,"Albany","CA");
INSERT INTO ZipLocation(zipCode, city, state) values (31701,"Albany","GA");
INSERT INTO ZipLocation(zipCode, city, state) values (61230,"Albany","IL");
INSERT INTO ZipLocation(zipCode, city, state) values (47320,"Albany","IN");
INSERT INTO ZipLocation(zipCode, city, state) values (42602,"Albany","KY");
INSERT INTO ZipLocation(zipCode, city, state) values (70711,"Albany","LA");
INSERT INTO ZipLocation(zipCode, city, state) values (56307,"Albany","MN");
INSERT INTO ZipLocation(zipCode, city, state) values (64402,"Albany","MO");
INSERT INTO ZipLocation(zipCode, city, state) values (12202,"Albany","NY");
INSERT INTO ZipLocation(zipCode, city, state) values (45710,"Albany","OH");
INSERT INTO ZipLocation(zipCode, city, state) values (97321,"Albany","OR");
INSERT INTO ZipLocation(zipCode, city, state) values (76430,"Albany","TX");
INSERT INTO ZipLocation(zipCode, city, state) values (5820,"Albany","VT");
INSERT INTO ZipLocation(zipCode, city, state) values (53502,"Albany","WI");
INSERT INTO ZipLocation(zipCode, city, state) values (57259,"Albee","SD");
INSERT INTO ZipLocation(zipCode, city, state) values (28001,"Albemarle","NC");
INSERT INTO ZipLocation(zipCode, city, state) values (22959,"Alberene","VA");
INSERT INTO ZipLocation(zipCode, city, state) values (62215,"Albers","IL");
INSERT INTO ZipLocation(zipCode, city, state) values (67511,"Albert","KS");
INSERT INTO ZipLocation(zipCode, city, state) values (87733,"Albert","NM");
INSERT INTO ZipLocation(zipCode, city, state) values (78671,"Albert","TX");
INSERT INTO ZipLocation(zipCode, city, state) values (50510,"Albert City","IA");
INSERT INTO ZipLocation(zipCode, city, state) values (56007,"Albert Lea","MN");
INSERT INTO ZipLocation(zipCode, city, state) values (36720,"Alberta","AL");
INSERT INTO ZipLocation(zipCode, city, state) values (56207,"Alberta","MN");
INSERT INTO ZipLocation(zipCode, city, state) values (23821,"Alberta","VA");
INSERT INTO ZipLocation(zipCode, city, state) values (59820,"Alberton","MT");
INSERT INTO ZipLocation(zipCode, city, state) values (28508,"Albertson","NC");
INSERT INTO ZipLocation(zipCode, city, state) values (11507,"Albertson","NY");
INSERT INTO ZipLocation(zipCode, city, state) values (35950,"Albertville","AL");
INSERT INTO ZipLocation(zipCode, city, state) values (55301,"Albertville","MN");
INSERT INTO ZipLocation(zipCode, city, state) values (52531,"Albia","IA");
INSERT INTO ZipLocation(zipCode, city, state) values (82050,"Albin","WY");
INSERT INTO ZipLocation(zipCode, city, state) values (95410,"Albion","CA");
INSERT INTO ZipLocation(zipCode, city, state) values (50005,"Albion","IA");
INSERT INTO ZipLocation(zipCode, city, state) values (62806,"Albion","IL");
INSERT INTO ZipLocation(zipCode, city, state) values (46701,"Albion","IN");
INSERT INTO ZipLocation(zipCode, city, state) values (4910,"Albion","ME");
INSERT INTO ZipLocation(zipCode, city, state) values (49224,"Albion","MI");
INSERT INTO ZipLocation(zipCode, city, state) values (68620,"Albion","NE");
INSERT INTO ZipLocation(zipCode, city, state) values (14411,"Albion","NY");
INSERT INTO ZipLocation(zipCode, city, state) values (55702,"Alborn","MN");
INSERT INTO ZipLocation(zipCode, city, state) values (26519,"Albright","WV");
INSERT INTO ZipLocation(zipCode, city, state) values (18210,"Albrightsville","PA");
INSERT INTO ZipLocation(zipCode, city, state) values (87102,"Albuquerque","NM");
INSERT INTO ZipLocation(zipCode, city, state) values (5440,"Alburg","VT");
INSERT INTO ZipLocation(zipCode, city, state) values (52202,"Alburnett","IA");
INSERT INTO ZipLocation(zipCode, city, state) values (18011,"Alburtis","PA");
INSERT INTO ZipLocation(zipCode, city, state) values (42501,"Alcalde","KY");
INSERT INTO ZipLocation(zipCode, city, state) values (57001,"Alcester","SD");
INSERT INTO ZipLocation(zipCode, city, state) values (72610,"Alco","AR");
INSERT INTO ZipLocation(zipCode, city, state) values (37701,"Alcoa","TN");
INSERT INTO ZipLocation(zipCode, city, state) values (29001,"Alcolu","SC");
INSERT INTO ZipLocation(zipCode, city, state) values (82620,"Alcova","WY");
INSERT INTO ZipLocation(zipCode, city, state) values (12007,"Alcove","NY");
INSERT INTO ZipLocation(zipCode, city, state) values (68810,"Alda","NE");
INSERT INTO ZipLocation(zipCode, city, state) values (35073,"Alden","AL");
INSERT INTO ZipLocation(zipCode, city, state) values (50006,"Alden","IA");
INSERT INTO ZipLocation(zipCode, city, state) values (67512,"Alden","KS");
INSERT INTO ZipLocation(zipCode, city, state) values (49612,"Alden","MI");
INSERT INTO ZipLocation(zipCode, city, state) values (56009,"Alden","MN");
INSERT INTO ZipLocation(zipCode, city, state) values (14004,"Alden","NY");
INSERT INTO ZipLocation(zipCode, city, state) values (11003,"Alden Manor","NY");
INSERT INTO ZipLocation(zipCode, city, state) values (18401,"Aldenville","PA");
INSERT INTO ZipLocation(zipCode, city, state) values (13301,"Alder Creek","NY");
INSERT INTO ZipLocation(zipCode, city, state) values (22001,"Aldie","VA");
INSERT INTO ZipLocation(zipCode, city, state) values (56434,"Aldrich","MN");
INSERT INTO ZipLocation(zipCode, city, state) values (65601,"Aldrich","MO");
INSERT INTO ZipLocation(zipCode, city, state) values (61231,"Aledo","IL");
INSERT INTO ZipLocation(zipCode, city, state) values (76008,"Aledo","TX");
INSERT INTO ZipLocation(zipCode, city, state) values (99555,"Aleknagik","AK");
INSERT INTO ZipLocation(zipCode, city, state) values (15310,"Aleppo","PA");
INSERT INTO ZipLocation(zipCode, city, state) values (73002,"Alex","OK");
INSERT INTO ZipLocation(zipCode, city, state) values (72002,"Alexander","AR");
INSERT INTO ZipLocation(zipCode, city, state) values (50420,"Alexander","IA");
INSERT INTO ZipLocation(zipCode, city, state) values (67513,"Alexander","KS");
INSERT INTO ZipLocation(zipCode, city, state) values (28701,"Alexander","NC");
INSERT INTO ZipLocation(zipCode, city, state) values (14005,"Alexander","NY");
INSERT INTO ZipLocation(zipCode, city, state) values (26218,"Alexander","WV");
INSERT INTO ZipLocation(zipCode, city, state) values (28043,"Alexander Mills","NC");
INSERT INTO ZipLocation(zipCode, city, state) values (36250,"Alexandria","AL");
INSERT INTO ZipLocation(zipCode, city, state) values (46001,"Alexandria","IN");
INSERT INTO ZipLocation(zipCode, city, state) values (41001,"Alexandria","KY");
INSERT INTO ZipLocation(zipCode, city, state) values (71301,"Alexandria","LA");
INSERT INTO ZipLocation(zipCode, city, state) values (56308,"Alexandria","MN");
INSERT INTO ZipLocation(zipCode, city, state) values (63430,"Alexandria","MO");
INSERT INTO ZipLocation(zipCode, city, state) values (68303,"Alexandria","NE");
INSERT INTO ZipLocation(zipCode, city, state) values (43001,"Alexandria","OH");
INSERT INTO ZipLocation(zipCode, city, state) values (37012,"Alexandria","TN");
INSERT INTO ZipLocation(zipCode, city, state) values (22301,"Alexandria","VA");
INSERT INTO ZipLocation(zipCode, city, state) values (61412,"Alexis","IL");
INSERT INTO ZipLocation(zipCode, city, state) values (28006,"Alexis","NC");
INSERT INTO ZipLocation(zipCode, city, state) values (32420,"Alford","FL");
INSERT INTO ZipLocation(zipCode, city, state) values (4002,"Alfred","ME");
INSERT INTO ZipLocation(zipCode, city, state) values (58411,"Alfred","ND");
INSERT INTO ZipLocation(zipCode, city, state) values (14802,"Alfred","NY");
INSERT INTO ZipLocation(zipCode, city, state) values (14803,"Alfred Station","NY");
INSERT INTO ZipLocation(zipCode, city, state) values (48610,"Alger","MI");
INSERT INTO ZipLocation(zipCode, city, state) values (45812,"Alger","OH");
INSERT INTO ZipLocation(zipCode, city, state) values (87001,"Algodones","NM");
INSERT INTO ZipLocation(zipCode, city, state) values (54201,"Algoma","WI");
INSERT INTO ZipLocation(zipCode, city, state) values (24868,"Algoma","WV");
INSERT INTO ZipLocation(zipCode, city, state) values (50511,"Algona","IA");
INSERT INTO ZipLocation(zipCode, city, state) values (98001,"Algona","WA");
INSERT INTO ZipLocation(zipCode, city, state) values (38501,"Algood","TN");
INSERT INTO ZipLocation(zipCode, city, state) values (91801,"Alhambra","CA");
INSERT INTO ZipLocation(zipCode, city, state) values (62001,"Alhambra","IL");
INSERT INTO ZipLocation(zipCode, city, state) values (58003,"Alice","ND");
INSERT INTO ZipLocation(zipCode, city, state) values (78332,"Alice","TX");
INSERT INTO ZipLocation(zipCode, city, state) values (35442,"Aliceville","AL");
INSERT INTO ZipLocation(zipCode, city, state) values (72410,"Alicia","AR");
INSERT INTO ZipLocation(zipCode, city, state) values (73716,"Aline","OK");
INSERT INTO ZipLocation(zipCode, city, state) values (92656,"Aliso Viejo","CA");
INSERT INTO ZipLocation(zipCode, city, state) values (72820,"Alix","AR");
INSERT INTO ZipLocation(zipCode, city, state) values (58845,"Alkabo","ND");
INSERT INTO ZipLocation(zipCode, city, state) values (25501,"Alkol","WV");
INSERT INTO ZipLocation(zipCode, city, state) values (99720,"Allakaket","AK");
INSERT INTO ZipLocation(zipCode, city, state) values (38504,"Allardt","TN");
INSERT INTO ZipLocation(zipCode, city, state) values (43902,"Alledonia","OH");
INSERT INTO ZipLocation(zipCode, city, state) values (49010,"Allegan","MI");
INSERT INTO ZipLocation(zipCode, city, state) values (14706,"Allegany","NY");
INSERT INTO ZipLocation(zipCode, city, state) values (95910,"Alleghany","CA");
INSERT INTO ZipLocation(zipCode, city, state) values (24426,"Alleghany","VA");
INSERT INTO ZipLocation(zipCode, city, state) values (15212,"Allegheny","PA");
INSERT INTO ZipLocation(zipCode, city, state) values (50007,"Alleman","IA");
INSERT INTO ZipLocation(zipCode, city, state) values (36419,"Allen","AL");
INSERT INTO ZipLocation(zipCode, city, state) values (62682,"Allen","IL");
INSERT INTO ZipLocation(zipCode, city, state) values (41601,"Allen","KY");
INSERT INTO ZipLocation(zipCode, city, state) values (49227,"Allen","MI");
INSERT INTO ZipLocation(zipCode, city, state) values (68710,"Allen","NE");
INSERT INTO ZipLocation(zipCode, city, state) values (74825,"Allen","OK");
INSERT INTO ZipLocation(zipCode, city, state) values (57714,"Allen","SD");
INSERT INTO ZipLocation(zipCode, city, state) values (75002,"Allen","TX");
INSERT INTO ZipLocation(zipCode, city, state) values (48101,"Allen Park","MI");
INSERT INTO ZipLocation(zipCode, city, state) values (62410,"Allendale","IL");
INSERT INTO ZipLocation(zipCode, city, state) values (49401,"Allendale","MI");
INSERT INTO ZipLocation(zipCode, city, state) values (7401,"Allendale","NJ");
INSERT INTO ZipLocation(zipCode, city, state) values (29810,"Allendale","SC");
INSERT INTO ZipLocation(zipCode, city, state) values (31301,"Allenhurst","GA");
INSERT INTO ZipLocation(zipCode, city, state) values (7711,"Allenhurst","NJ");
INSERT INTO ZipLocation(zipCode, city, state) values (15412,"Allenport","PA");
INSERT INTO ZipLocation(zipCode, city, state) values (80510,"Allenspark","CO");
INSERT INTO ZipLocation(zipCode, city, state) values (3275,"Allenstown","NH");
INSERT INTO ZipLocation(zipCode, city, state) values (42204,"Allensville","KY");
INSERT INTO ZipLocation(zipCode, city, state) values (45651,"Allensville","OH");
INSERT INTO ZipLocation(zipCode, city, state) values (17002,"Allensville","PA");
INSERT INTO ZipLocation(zipCode, city, state) values (53002,"Allenton","WI");
INSERT INTO ZipLocation(zipCode, city, state) values (31003,"Allentown","GA");
INSERT INTO ZipLocation(zipCode, city, state) values (8501,"Allentown","NJ");
INSERT INTO ZipLocation(zipCode, city, state) values (18101,"Allentown","PA");
INSERT INTO ZipLocation(zipCode, city, state) values (17810,"Allenwood","PA");
INSERT INTO ZipLocation(zipCode, city, state) values (50008,"Allerton","IA");
INSERT INTO ZipLocation(zipCode, city, state) values (61810,"Allerton","IL");
INSERT INTO ZipLocation(zipCode, city, state) values (78935,"Alleyton","TX");
INSERT INTO ZipLocation(zipCode, city, state) values (69301,"Alliance","NE");
INSERT INTO ZipLocation(zipCode, city, state) values (44601,"Alliance","OH");
INSERT INTO ZipLocation(zipCode, city, state) values (38720,"Alligator","MS");
INSERT INTO ZipLocation(zipCode, city, state) values (50602,"Allison","IA");
INSERT INTO ZipLocation(zipCode, city, state) values (15413,"Allison","PA");
INSERT INTO ZipLocation(zipCode, city, state) values (15101,"Allison Park","PA");
INSERT INTO ZipLocation(zipCode, city, state) values (24347,"Allisonia","VA");
INSERT INTO ZipLocation(zipCode, city, state) values (38541,"Allons","TN");
INSERT INTO ZipLocation(zipCode, city, state) values (54301,"Allouez","WI");
INSERT INTO ZipLocation(zipCode, city, state) values (16821,"Allport","PA");
INSERT INTO ZipLocation(zipCode, city, state) values (38542,"Allred","TN");
INSERT INTO ZipLocation(zipCode, city, state) values (2134,"Allston","MA");
INSERT INTO ZipLocation(zipCode, city, state) values (98524,"Allyn","WA");
INSERT INTO ZipLocation(zipCode, city, state) values (72921,"Alma","AR");
INSERT INTO ZipLocation(zipCode, city, state) values (31510,"Alma","GA");
INSERT INTO ZipLocation(zipCode, city, state) values (62807,"Alma","IL");
INSERT INTO ZipLocation(zipCode, city, state) values (66401,"Alma","KS");
INSERT INTO ZipLocation(zipCode, city, state) values (48801,"Alma","MI");
INSERT INTO ZipLocation(zipCode, city, state) values (64001,"Alma","MO");
INSERT INTO ZipLocation(zipCode, city, state) values (68920,"Alma","NE");
INSERT INTO ZipLocation(zipCode, city, state) values (14708,"Alma","NY");
INSERT INTO ZipLocation(zipCode, city, state) values (54610,"Alma","WI");
INSERT INTO ZipLocation(zipCode, city, state) values (54611,"Alma Center","WI");
INSERT INTO ZipLocation(zipCode, city, state) values (67622,"Almena","KS");
INSERT INTO ZipLocation(zipCode, city, state) values (54805,"Almena","WI");
INSERT INTO ZipLocation(zipCode, city, state) values (68879,"Almeria","NE");
INSERT INTO ZipLocation(zipCode, city, state) values (99103,"Almira","WA");
INSERT INTO ZipLocation(zipCode, city, state) values (42020,"Almo","KY");
INSERT INTO ZipLocation(zipCode, city, state) values (28702,"Almond","NC");
INSERT INTO ZipLocation(zipCode, city, state) values (14804,"Almond","NY");
INSERT INTO ZipLocation(zipCode, city, state) values (54909,"Almond","WI");
INSERT INTO ZipLocation(zipCode, city, state) values (81210,"Almont","CO");
INSERT INTO ZipLocation(zipCode, city, state) values (48003,"Almont","MI");
INSERT INTO ZipLocation(zipCode, city, state) values (58520,"Almont","ND");
INSERT INTO ZipLocation(zipCode, city, state) values (72003,"Almyra","AR");
INSERT INTO ZipLocation(zipCode, city, state) values (97006,"Aloha","OR");
INSERT INTO ZipLocation(zipCode, city, state) values (32792,"Aloma","FL");
INSERT INTO ZipLocation(zipCode, city, state) values (62207,"Alorton","IL");
INSERT INTO ZipLocation(zipCode, city, state) values (72611,"Alpena","AR");
INSERT INTO ZipLocation(zipCode, city, state) values (49707,"Alpena","MI");
INSERT INTO ZipLocation(zipCode, city, state) values (57312,"Alpena","SD");
INSERT INTO ZipLocation(zipCode, city, state) values (61413,"Alpha","IL");
INSERT INTO ZipLocation(zipCode, city, state) values (42603,"Alpha","KY");
INSERT INTO ZipLocation(zipCode, city, state) values (56111,"Alpha","MN");
INSERT INTO ZipLocation(zipCode, city, state) values (8865,"Alpha","NJ");
INSERT INTO ZipLocation(zipCode, city, state) values (30201,"Alpharetta","GA");
INSERT INTO ZipLocation(zipCode, city, state) values (35014,"Alpine","AL");
INSERT INTO ZipLocation(zipCode, city, state) values (85920,"Alpine","AZ");
INSERT INTO ZipLocation(zipCode, city, state) values (91901,"Alpine","CA");
INSERT INTO ZipLocation(zipCode, city, state) values (7620,"Alpine","NJ");
INSERT INTO ZipLocation(zipCode, city, state) values (14805,"Alpine","NY");
INSERT INTO ZipLocation(zipCode, city, state) values (38543,"Alpine","TN");
INSERT INTO ZipLocation(zipCode, city, state) values (79830,"Alpine","TX");
INSERT INTO ZipLocation(zipCode, city, state) values (84004,"Alpine","UT");
INSERT INTO ZipLocation(zipCode, city, state) values (12008,"Alplaus","NY");
INSERT INTO ZipLocation(zipCode, city, state) values (97324,"Alsea","OR");
INSERT INTO ZipLocation(zipCode, city, state) values (60658,"Alsip","IL");
INSERT INTO ZipLocation(zipCode, city, state) values (3602,"Alstead","NH");
INSERT INTO ZipLocation(zipCode, city, state) values (95701,"Alta","CA");
INSERT INTO ZipLocation(zipCode, city, state) values (51002,"Alta","IA");
INSERT INTO ZipLocation(zipCode, city, state) values (84092,"Alta","UT");
INSERT INTO ZipLocation(zipCode, city, state) values (91701,"Alta Loma","CA");
INSERT INTO ZipLocation(zipCode, city, state) values (77510,"Alta Loma","TX");
INSERT INTO ZipLocation(zipCode, city, state) values (50603,"Alta Vista","IA");
INSERT INTO ZipLocation(zipCode, city, state) values (66834,"Alta Vista","KS");
INSERT INTO ZipLocation(zipCode, city, state) values (91001,"Altadena","CA");
INSERT INTO ZipLocation(zipCode, city, state) values (62411,"Altamont","IL");
INSERT INTO ZipLocation(zipCode, city, state) values (67330,"Altamont","KS");
INSERT INTO ZipLocation(zipCode, city, state) values (64620,"Altamont","MO");
INSERT INTO ZipLocation(zipCode, city, state) values (12009,"Altamont","NY");
INSERT INTO ZipLocation(zipCode, city, state) values (57226,"Altamont","SD");
INSERT INTO ZipLocation(zipCode, city, state) values (37301,"Altamont","TN");
INSERT INTO ZipLocation(zipCode, city, state) values (84001,"Altamont","UT");
INSERT INTO ZipLocation(zipCode, city, state) values (32701,"Altamonte Spring","FL");
INSERT INTO ZipLocation(zipCode, city, state) values (24517,"Altavista","VA");
INSERT INTO ZipLocation(zipCode, city, state) values (32421,"Altha","FL");
INSERT INTO ZipLocation(zipCode, city, state) values (72004,"Altheimer","AR");
INSERT INTO ZipLocation(zipCode, city, state) values (13302,"Altmar","NY");
INSERT INTO ZipLocation(zipCode, city, state) values (30510,"Alto","GA");
INSERT INTO ZipLocation(zipCode, city, state) values (71269,"Alto","LA");
INSERT INTO ZipLocation(zipCode, city, state) values (49302,"Alto","MI");
INSERT INTO ZipLocation(zipCode, city, state) values (62905,"Alto Pass","IL");
INSERT INTO ZipLocation(zipCode, city, state) values (51003,"Alton","IA");
INSERT INTO ZipLocation(zipCode, city, state) values (62002,"Alton","IL");
INSERT INTO ZipLocation(zipCode, city, state) values (67623,"Alton","KS");
INSERT INTO ZipLocation(zipCode, city, state) values (3809,"Alton","NH");
INSERT INTO ZipLocation(zipCode, city, state) values (78572,"Alton","TX");
INSERT INTO ZipLocation(zipCode, city, state) values (84710,"Alton","UT");
INSERT INTO ZipLocation(zipCode, city, state) values (24520,"Alton","VA");
INSERT INTO ZipLocation(zipCode, city, state) values (3810,"Alton Bay","NH");
INSERT INTO ZipLocation(zipCode, city, state) values (61414,"Altona","IL");
INSERT INTO ZipLocation(zipCode, city, state) values (12910,"Altona","NY");
INSERT INTO ZipLocation(zipCode, city, state) values (84002,"Altonah","UT");
INSERT INTO ZipLocation(zipCode, city, state) values (32702,"Altoona","FL");
INSERT INTO ZipLocation(zipCode, city, state) values (50009,"Altoona","IA");
INSERT INTO ZipLocation(zipCode, city, state) values (66710,"Altoona","KS");
INSERT INTO ZipLocation(zipCode, city, state) values (16601,"Altoona","PA");
INSERT INTO ZipLocation(zipCode, city, state) values (54720,"Altoona","WI");
INSERT INTO ZipLocation(zipCode, city, state) values (41306,"Altro","KY");
INSERT INTO ZipLocation(zipCode, city, state) values (55910,"Altura","MN");
INSERT INTO ZipLocation(zipCode, city, state) values (96101,"Alturas","CA");
INSERT INTO ZipLocation(zipCode, city, state) values (72821,"Altus","AR");
INSERT INTO ZipLocation(zipCode, city, state) values (73521,"Altus","OK");
INSERT INTO ZipLocation(zipCode, city, state) values (15521,"Alum Bank","PA");
INSERT INTO ZipLocation(zipCode, city, state) values (26321,"Alum Bridge","WV");
INSERT INTO ZipLocation(zipCode, city, state) values (25003,"Alum Creek","WV");
INSERT INTO ZipLocation(zipCode, city, state) values (24091,"Alum Ridge","VA");
INSERT INTO ZipLocation(zipCode, city, state) values (33920,"Alva","FL");
INSERT INTO ZipLocation(zipCode, city, state) values (73717,"Alva","OK");
INSERT INTO ZipLocation(zipCode, city, state) values (44802,"Alvada","OH");
INSERT INTO ZipLocation(zipCode, city, state) values (56710,"Alvarado","MN");
INSERT INTO ZipLocation(zipCode, city, state) values (76009,"Alvarado","TX");
INSERT INTO ZipLocation(zipCode, city, state) values (30218,"Alvaton","GA");
INSERT INTO ZipLocation(zipCode, city, state) values (42122,"Alvaton","KY");
INSERT INTO ZipLocation(zipCode, city, state) values (15612,"Alverton","PA");
INSERT INTO ZipLocation(zipCode, city, state) values (61811,"Alvin","IL");
INSERT INTO ZipLocation(zipCode, city, state) values (29479,"Alvin","SC");
INSERT INTO ZipLocation(zipCode, city, state) values (77511,"Alvin","TX");
INSERT INTO ZipLocation(zipCode, city, state) values (54542,"Alvin","WI");
INSERT INTO ZipLocation(zipCode, city, state) values (95002,"Alviso","CA");
INSERT INTO ZipLocation(zipCode, city, state) values (68304,"Alvo","NE");
INSERT INTO ZipLocation(zipCode, city, state) values (51230,"Alvord","IA");
INSERT INTO ZipLocation(zipCode, city, state) values (76225,"Alvord","TX");
INSERT INTO ZipLocation(zipCode, city, state) values (43501,"Alvordton","OH");
INSERT INTO ZipLocation(zipCode, city, state) values (26322,"Alvy","WV");
INSERT INTO ZipLocation(zipCode, city, state) values (59311,"Alzada","MT");
INSERT INTO ZipLocation(zipCode, city, state) values (70031,"Ama","LA");
INSERT INTO ZipLocation(zipCode, city, state) values (85640,"Amado","AZ");
INSERT INTO ZipLocation(zipCode, city, state) values (72005,"Amagon","AR");
INSERT INTO ZipLocation(zipCode, city, state) values (52203,"Amana","IA");
INSERT INTO ZipLocation(zipCode, city, state) values (43102,"Amanda","OH");
INSERT INTO ZipLocation(zipCode, city, state) values (98526,"Amanda Park","WA");
INSERT INTO ZipLocation(zipCode, city, state) values (89020,"Amargosa Valley","NV");
INSERT INTO ZipLocation(zipCode, city, state) values (79101,"Amarillo","TX");
INSERT INTO ZipLocation(zipCode, city, state) values (10501,"Amawalk","NY");
INSERT INTO ZipLocation(zipCode, city, state) values (64421,"Amazonia","MO");
INSERT INTO ZipLocation(zipCode, city, state) values (73004,"Amber","OK");
INSERT INTO ZipLocation(zipCode, city, state) values (54102,"Amberg","WI");
INSERT INTO ZipLocation(zipCode, city, state) values (47917,"Ambia","IN");
INSERT INTO ZipLocation(zipCode, city, state) values (99786,"Ambler","AK");
INSERT INTO ZipLocation(zipCode, city, state) values (92304,"Amboy","CA");
INSERT INTO ZipLocation(zipCode, city, state) values (61310,"Amboy","IL");
INSERT INTO ZipLocation(zipCode, city, state) values (46911,"Amboy","IN");
INSERT INTO ZipLocation(zipCode, city, state) values (56010,"Amboy","MN");
INSERT INTO ZipLocation(zipCode, city, state) values (98601,"Amboy","WA");
INSERT INTO ZipLocation(zipCode, city, state) values (26705,"Amboy","WV");
INSERT INTO ZipLocation(zipCode, city, state) values (31512,"Ambrose","GA");
INSERT INTO ZipLocation(zipCode, city, state) values (58833,"Ambrose","ND");
INSERT INTO ZipLocation(zipCode, city, state) values (41801,"Amburgey","KY");
INSERT INTO ZipLocation(zipCode, city, state) values (25004,"Ameagle","WV");
INSERT INTO ZipLocation(zipCode, city, state) values (70340,"Amelia","LA");
INSERT INTO ZipLocation(zipCode, city, state) values (68711,"Amelia","NE");
INSERT INTO ZipLocation(zipCode, city, state) values (45102,"Amelia","OH");
INSERT INTO ZipLocation(zipCode, city, state) values (23002,"Amelia Court Hou","VA");
INSERT INTO ZipLocation(zipCode, city, state) values (32034,"Amelia Island","FL");
INSERT INTO ZipLocation(zipCode, city, state) values (58004,"Amenia","ND");
INSERT INTO ZipLocation(zipCode, city, state) values (12501,"Amenia","NY");
INSERT INTO ZipLocation(zipCode, city, state) values (94589,"American Canyon","CA");
INSERT INTO ZipLocation(zipCode, city, state) values (83211,"American Falls","ID");
INSERT INTO ZipLocation(zipCode, city, state) values (84003,"American Fork","UT");
INSERT INTO ZipLocation(zipCode, city, state) values (66835,"Americus","KS");
INSERT INTO ZipLocation(zipCode, city, state) values (50010,"Ames","IA");
INSERT INTO ZipLocation(zipCode, city, state) values (66931,"Ames","KS");
INSERT INTO ZipLocation(zipCode, city, state) values (68621,"Ames","NE");
INSERT INTO ZipLocation(zipCode, city, state) values (13317,"Ames","NY");
INSERT INTO ZipLocation(zipCode, city, state) values (73718,"Ames","OK");
INSERT INTO ZipLocation(zipCode, city, state) values (77575,"Ames","TX");
INSERT INTO ZipLocation(zipCode, city, state) values (1913,"Amesbury","MA");
INSERT INTO ZipLocation(zipCode, city, state) values (45711,"Amesville","OH");
INSERT INTO ZipLocation(zipCode, city, state) values (60666,"Amf Ohare","IL");
INSERT INTO ZipLocation(zipCode, city, state) values (80721,"Amherst","CO");
INSERT INTO ZipLocation(zipCode, city, state) values (68812,"Amherst","NE");
INSERT INTO ZipLocation(zipCode, city, state) values (3031,"Amherst","NH");
INSERT INTO ZipLocation(zipCode, city, state) values (14226,"Amherst","NY");
INSERT INTO ZipLocation(zipCode, city, state) values (57421,"Amherst","SD");
INSERT INTO ZipLocation(zipCode, city, state) values (79312,"Amherst","TX");
INSERT INTO ZipLocation(zipCode, city, state) values (24521,"Amherst","VA");
INSERT INTO ZipLocation(zipCode, city, state) values (54406,"Amherst","WI");
INSERT INTO ZipLocation(zipCode, city, state) values (54407,"Amherst Junction","WI");
INSERT INTO ZipLocation(zipCode, city, state) values (58620,"Amidon","ND");
INSERT INTO ZipLocation(zipCode, city, state) values (25811,"Amigo","WV");
INSERT INTO ZipLocation(zipCode, city, state) values (56112,"Amiret","MN");
INSERT INTO ZipLocation(zipCode, city, state) values (22002,"Amissville","VA");
INSERT INTO ZipLocation(zipCode, city, state) values (88410,"Amistad","NM");
INSERT INTO ZipLocation(zipCode, city, state) values (70422,"Amite","LA");
INSERT INTO ZipLocation(zipCode, city, state) values (71921,"Amity","AR");
INSERT INTO ZipLocation(zipCode, city, state) values (64422,"Amity","MO");
INSERT INTO ZipLocation(zipCode, city, state) values (97101,"Amity","OR");
INSERT INTO ZipLocation(zipCode, city, state) values (15311,"Amity","PA");
INSERT INTO ZipLocation(zipCode, city, state) values (11701,"Amityville","NY");
INSERT INTO ZipLocation(zipCode, city, state) values (43002,"Amlin","OH");
INSERT INTO ZipLocation(zipCode, city, state) values (25005,"Amma","WV");
INSERT INTO ZipLocation(zipCode, city, state) values (83401,"Ammon","ID");
INSERT INTO ZipLocation(zipCode, city, state) values (23850,"Ammon","VA");
INSERT INTO ZipLocation(zipCode, city, state) values (64722,"Amoret","MO");
INSERT INTO ZipLocation(zipCode, city, state) values (73719,"Amorita","OK");
INSERT INTO ZipLocation(zipCode, city, state) values (38821,"Amory","MS");
INSERT INTO ZipLocation(zipCode, city, state) values (23234,"Ampthill","VA");
INSERT INTO ZipLocation(zipCode, city, state) values (64723,"Amsterdam","MO");
INSERT INTO ZipLocation(zipCode, city, state) values (43903,"Amsterdam","OH");
INSERT INTO ZipLocation(zipCode, city, state) values (6231,"Amston","CT");
INSERT INTO ZipLocation(zipCode, city, state) values (63431,"Anabel","MO");
INSERT INTO ZipLocation(zipCode, city, state) values (71403,"Anacoco","LA");
INSERT INTO ZipLocation(zipCode, city, state) values (59711,"Anaconda","MT");
INSERT INTO ZipLocation(zipCode, city, state) values (98221,"Anacortes","WA");
INSERT INTO ZipLocation(zipCode, city, state) values (73005,"Anadarko","OK");
INSERT INTO ZipLocation(zipCode, city, state) values (92801,"Anaheim","CA");
INSERT INTO ZipLocation(zipCode, city, state) values (99721,"Anaktuvuk Pass","AK");
INSERT INTO ZipLocation(zipCode, city, state) values (58710,"Anamoose","ND");
INSERT INTO ZipLocation(zipCode, city, state) values (52205,"Anamosa","IA");
INSERT INTO ZipLocation(zipCode, city, state) values (99401,"Anatone","WA");
INSERT INTO ZipLocation(zipCode, city, state) values (61720,"Anchor","IL");
INSERT INTO ZipLocation(zipCode, city, state) values (99501,"Anchorage","AK");
INSERT INTO ZipLocation(zipCode, city, state) values (40223,"Anchorage","KY");
INSERT INTO ZipLocation(zipCode, city, state) values (48004,"Anchorville","MI");
INSERT INTO ZipLocation(zipCode, city, state) values (41759,"Anco","KY");
INSERT INTO ZipLocation(zipCode, city, state) values (61311,"Ancona","IL");
INSERT INTO ZipLocation(zipCode, city, state) values (12502,"Ancram","NY");
INSERT INTO ZipLocation(zipCode, city, state) values (12503,"Ancramdale","NY");
INSERT INTO ZipLocation(zipCode, city, state) values (67001,"Andale","KS");
INSERT INTO ZipLocation(zipCode, city, state) values (36420,"Andalusia","AL");
INSERT INTO ZipLocation(zipCode, city, state) values (61232,"Andalusia","IL");
INSERT INTO ZipLocation(zipCode, city, state) values (99744,"Anderson","AK");
INSERT INTO ZipLocation(zipCode, city, state) values (35610,"Anderson","AL");
INSERT INTO ZipLocation(zipCode, city, state) values (96007,"Anderson","CA");
INSERT INTO ZipLocation(zipCode, city, state) values (46011,"Anderson","IN");
INSERT INTO ZipLocation(zipCode, city, state) values (64831,"Anderson","MO");
INSERT INTO ZipLocation(zipCode, city, state) values (45230,"Anderson","OH");
INSERT INTO ZipLocation(zipCode, city, state) values (29621,"Anderson","SC");
INSERT INTO ZipLocation(zipCode, city, state) values (77830,"Anderson","TX");
INSERT INTO ZipLocation(zipCode, city, state) values (98303,"Anderson Island","WA");
INSERT INTO ZipLocation(zipCode, city, state) values (31711,"Andersonville","GA");
INSERT INTO ZipLocation(zipCode, city, state) values (37705,"Andersonville","TN");
INSERT INTO ZipLocation(zipCode, city, state) values (13731,"Andes","NY");
INSERT INTO ZipLocation(zipCode, city, state) values (78628,"Andice","TX");
INSERT INTO ZipLocation(zipCode, city, state) values (6232,"Andover","CT");
INSERT INTO ZipLocation(zipCode, city, state) values (52701,"Andover","IA");
INSERT INTO ZipLocation(zipCode, city, state) values (67002,"Andover","KS");
INSERT INTO ZipLocation(zipCode, city, state) values (1810,"Andover","MA");
INSERT INTO ZipLocation(zipCode, city, state) values (4216,"Andover","ME");
INSERT INTO ZipLocation(zipCode, city, state) values (3216,"Andover","NH");
INSERT INTO ZipLocation(zipCode, city, state) values (7821,"Andover","NJ");
INSERT INTO ZipLocation(zipCode, city, state) values (14806,"Andover","NY");
INSERT INTO ZipLocation(zipCode, city, state) values (44003,"Andover","OH");
INSERT INTO ZipLocation(zipCode, city, state) values (57422,"Andover","SD");
INSERT INTO ZipLocation(zipCode, city, state) values (18211,"Andreas","PA");
INSERT INTO ZipLocation(zipCode, city, state) values (52030,"Andrew","IA");
INSERT INTO ZipLocation(zipCode, city, state) values (62707,"Andrew","IL");
INSERT INTO ZipLocation(zipCode, city, state) values (46702,"Andrews","IN");
INSERT INTO ZipLocation(zipCode, city, state) values (28901,"Andrews","NC");
INSERT INTO ZipLocation(zipCode, city, state) values (29510,"Andrews","SC");
INSERT INTO ZipLocation(zipCode, city, state) values (79714,"Andrews","TX");
INSERT INTO ZipLocation(zipCode, city, state) values (20331,"Andrews Afb","MD");
INSERT INTO ZipLocation(zipCode, city, state) values (58212,"Aneta","ND");
INSERT INTO ZipLocation(zipCode, city, state) values (84510,"Aneth","UT");
INSERT INTO ZipLocation(zipCode, city, state) values (59312,"Angela","MT");
INSERT INTO ZipLocation(zipCode, city, state) values (14709,"Angelica","NY");
INSERT INTO ZipLocation(zipCode, city, state) values (95222,"Angels Camp","CA");
INSERT INTO ZipLocation(zipCode, city, state) values (92305,"Angelus Oaks","CA");
INSERT INTO ZipLocation(zipCode, city, state) values (70426,"Angie","LA");
INSERT INTO ZipLocation(zipCode, city, state) values (27501,"Angier","NC");
INSERT INTO ZipLocation(zipCode, city, state) values (56711,"Angle Inlet","MN");
INSERT INTO ZipLocation(zipCode, city, state) values (77515,"Angleton","TX");
INSERT INTO ZipLocation(zipCode, city, state) values (46703,"Angola","IN");
INSERT INTO ZipLocation(zipCode, city, state) values (70712,"Angola","LA");
INSERT INTO ZipLocation(zipCode, city, state) values (14006,"Angola","NY");
INSERT INTO ZipLocation(zipCode, city, state) values (99820,"Angoon","AK");
INSERT INTO ZipLocation(zipCode, city, state) values (55703,"Angora","MN");
INSERT INTO ZipLocation(zipCode, city, state) values (69331,"Angora","NE");
INSERT INTO ZipLocation(zipCode, city, state) values (38721,"Anguilla","MS");
INSERT INTO ZipLocation(zipCode, city, state) values (56712,"Angus","MN");
INSERT INTO ZipLocation(zipCode, city, state) values (94508,"Angwin","CA");
INSERT INTO ZipLocation(zipCode, city, state) values (88020,"Animas","NM");
INSERT INTO ZipLocation(zipCode, city, state) values (50020,"Anita","IA");
INSERT INTO ZipLocation(zipCode, city, state) values (15711,"Anita","PA");
INSERT INTO ZipLocation(zipCode, city, state) values (54408,"Aniwa","WI");
INSERT INTO ZipLocation(zipCode, city, state) values (50021,"Ankeny","IA");
INSERT INTO ZipLocation(zipCode, city, state) values (48103,"Ann Arbor","MI");
INSERT INTO ZipLocation(zipCode, city, state) values (62906,"Anna","IL");
INSERT INTO ZipLocation(zipCode, city, state) values (45302,"Anna","OH");
INSERT INTO ZipLocation(zipCode, city, state) values (75409,"Anna","TX");
INSERT INTO ZipLocation(zipCode, city, state) values (63330,"Annada","MO");
INSERT INTO ZipLocation(zipCode, city, state) values (55302,"Annandale","MN");
INSERT INTO ZipLocation(zipCode, city, state) values (8801,"Annandale","NJ");
INSERT INTO ZipLocation(zipCode, city, state) values (22003,"Annandale","VA");
INSERT INTO ZipLocation(zipCode, city, state) values (95412,"Annapolis","CA");
INSERT INTO ZipLocation(zipCode, city, state) values (62413,"Annapolis","IL");
INSERT INTO ZipLocation(zipCode, city, state) values (21403,"Annapolis","MD");
INSERT INTO ZipLocation(zipCode, city, state) values (63620,"Annapolis","MO");
INSERT INTO ZipLocation(zipCode, city, state) values (20701,"Annapolis Juncti","MD");
INSERT INTO ZipLocation(zipCode, city, state) values (61234,"Annawan","IL");
INSERT INTO ZipLocation(zipCode, city, state) values (36201,"Anniston","AL");
INSERT INTO ZipLocation(zipCode, city, state) values (75550,"Annona","TX");
INSERT INTO ZipLocation(zipCode, city, state) values (17003,"Annville","PA");
INSERT INTO ZipLocation(zipCode, city, state) values (68814,"Ansley","NE");
INSERT INTO ZipLocation(zipCode, city, state) values (4911,"Anson","ME");
INSERT INTO ZipLocation(zipCode, city, state) values (79501,"Anson","TX");
INSERT INTO ZipLocation(zipCode, city, state) values (6401,"Ansonia","CT");
INSERT INTO ZipLocation(zipCode, city, state) values (45303,"Ansonia","OH");
INSERT INTO ZipLocation(zipCode, city, state) values (25812,"Ansted","WV");
INSERT INTO ZipLocation(zipCode, city, state) values (66858,"Antelope","KS");
INSERT INTO ZipLocation(zipCode, city, state) values (59211,"Antelope","MT");
INSERT INTO ZipLocation(zipCode, city, state) values (97001,"Antelope","OR");
INSERT INTO ZipLocation(zipCode, city, state) values (51004,"Anthon","IA");
INSERT INTO ZipLocation(zipCode, city, state) values (32617,"Anthony","FL");
INSERT INTO ZipLocation(zipCode, city, state) values (67003,"Anthony","KS");
INSERT INTO ZipLocation(zipCode, city, state) values (79821,"Anthony","TX");
INSERT INTO ZipLocation(zipCode, city, state) values (24938,"Anthony","WV");
INSERT INTO ZipLocation(zipCode, city, state) values (54409,"Antigo","WI");
INSERT INTO ZipLocation(zipCode, city, state) values (84712,"Antimony","UT");
INSERT INTO ZipLocation(zipCode, city, state) values (94509,"Antioch","CA");
INSERT INTO ZipLocation(zipCode, city, state) values (60002,"Antioch","IL");
INSERT INTO ZipLocation(zipCode, city, state) values (43793,"Antioch","OH");
INSERT INTO ZipLocation(zipCode, city, state) values (37013,"Antioch","TN");
INSERT INTO ZipLocation(zipCode, city, state) values (58711,"Antler","ND");
INSERT INTO ZipLocation(zipCode, city, state) values (74523,"Antlers","OK");
INSERT INTO ZipLocation(zipCode, city, state) values (71922,"Antoine","AR");
INSERT INTO ZipLocation(zipCode, city, state) values (80801,"Anton","CO");
INSERT INTO ZipLocation(zipCode, city, state) values (79313,"Anton","TX");
INSERT INTO ZipLocation(zipCode, city, state) values (87711,"Anton Chico","NM");
INSERT INTO ZipLocation(zipCode, city, state) values (63052,"Antonia","MO");
INSERT INTO ZipLocation(zipCode, city, state) values (67601,"Antonino","KS");
INSERT INTO ZipLocation(zipCode, city, state) values (81120,"Antonito","CO");
INSERT INTO ZipLocation(zipCode, city, state) values (3440,"Antrim","NH");
INSERT INTO ZipLocation(zipCode, city, state) values (13608,"Antwerp","NY");
INSERT INTO ZipLocation(zipCode, city, state) values (45813,"Antwerp","OH");
INSERT INTO ZipLocation(zipCode, city, state) values (65540,"Anutt","MO");
INSERT INTO ZipLocation(zipCode, city, state) values (99558,"Anvik","AK");
INSERT INTO ZipLocation(zipCode, city, state) values (92539,"Anza","CA");
INSERT INTO ZipLocation(zipCode, city, state) values (73006,"Apache","OK");
INSERT INTO ZipLocation(zipCode, city, state) values (85220,"Apache Junction","AZ");
INSERT INTO ZipLocation(zipCode, city, state) values (32320,"Apalachicola","FL");
INSERT INTO ZipLocation(zipCode, city, state) values (13732,"Apalachin","NY");
INSERT INTO ZipLocation(zipCode, city, state) values (27502,"Apex","NC");
INSERT INTO ZipLocation(zipCode, city, state) values (37302,"Apison","TN");
INSERT INTO ZipLocation(zipCode, city, state) values (50604,"Aplington","IA");
INSERT INTO ZipLocation(zipCode, city, state) values (15613,"Apollo","PA");
INSERT INTO ZipLocation(zipCode, city, state) values (33572,"Apollo Beach","FL");
INSERT INTO ZipLocation(zipCode, city, state) values (32712,"Apopka","FL");
INSERT INTO ZipLocation(zipCode, city, state) values (58830,"Appam","ND");
INSERT INTO ZipLocation(zipCode, city, state) values (44606,"Apple Creek","OH");
INSERT INTO ZipLocation(zipCode, city, state) values (25502,"Apple Grove","WV");
INSERT INTO ZipLocation(zipCode, city, state) values (61001,"Apple River","IL");
INSERT INTO ZipLocation(zipCode, city, state) values (75926,"Apple Springs","TX");
INSERT INTO ZipLocation(zipCode, city, state) values (92307,"Apple Valley","CA");
INSERT INTO ZipLocation(zipCode, city, state) values (55124,"Apple Valley","MN");
INSERT INTO ZipLocation(zipCode, city, state) values (75961,"Appleby","TX");
INSERT INTO ZipLocation(zipCode, city, state) values (95703,"Applegate","CA");
INSERT INTO ZipLocation(zipCode, city, state) values (48401,"Applegate","MI");
INSERT INTO ZipLocation(zipCode, city, state) values (97530,"Applegate","OR");
INSERT INTO ZipLocation(zipCode, city, state) values (56208,"Appleton","MN");
INSERT INTO ZipLocation(zipCode, city, state) values (14008,"Appleton","NY");
INSERT INTO ZipLocation(zipCode, city, state) values (98602,"Appleton","WA");
INSERT INTO ZipLocation(zipCode, city, state) values (54911,"Appleton","WI");
INSERT INTO ZipLocation(zipCode, city, state) values (64724,"Appleton City","MO");
INSERT INTO ZipLocation(zipCode, city, state) values (30802,"Appling","GA");
INSERT INTO ZipLocation(zipCode, city, state) values (24522,"Appomattox","VA");
INSERT INTO ZipLocation(zipCode, city, state) values (95003,"Aptos","CA");
INSERT INTO ZipLocation(zipCode, city, state) values (20608,"Aquasco","MD");
INSERT INTO ZipLocation(zipCode, city, state) values (76622,"Aquilla","TX");
INSERT INTO ZipLocation(zipCode, city, state) values (28703,"Aquone","NC");
INSERT INTO ZipLocation(zipCode, city, state) values (35016,"Arab","AL");
INSERT INTO ZipLocation(zipCode, city, state) values (63733,"Arab","MO");
INSERT INTO ZipLocation(zipCode, city, state) values (31712,"Arabi","GA");
INSERT INTO ZipLocation(zipCode, city, state) values (70032,"Arabi","LA");
INSERT INTO ZipLocation(zipCode, city, state) values (30104,"Aragon","GA");
INSERT INTO ZipLocation(zipCode, city, state) values (87820,"Aragon","NM");
INSERT INTO ZipLocation(zipCode, city, state) values (78336,"Aransas Pass","TX");
INSERT INTO ZipLocation(zipCode, city, state) values (73620,"Arapaho","OK");
INSERT INTO ZipLocation(zipCode, city, state) values (80802,"Arapahoe","CO");
INSERT INTO ZipLocation(zipCode, city, state) values (28510,"Arapahoe","NC");
INSERT INTO ZipLocation(zipCode, city, state) values (68922,"Arapahoe","NE");
INSERT INTO ZipLocation(zipCode, city, state) values (82510,"Arapahoe","WY");
INSERT INTO ZipLocation(zipCode, city, state) values (27007,"Ararat","NC");
INSERT INTO ZipLocation(zipCode, city, state) values (24053,"Ararat","VA");
INSERT INTO ZipLocation(zipCode, city, state) values (63432,"Arbela","MO");
INSERT INTO ZipLocation(zipCode, city, state) values (81121,"Arboles","CO");
INSERT INTO ZipLocation(zipCode, city, state) values (83212,"Arbon","ID");
INSERT INTO ZipLocation(zipCode, city, state) values (24915,"Arbovale","WV");
INSERT INTO ZipLocation(zipCode, city, state) values (95912,"Arbuckle","CA");
INSERT INTO ZipLocation(zipCode, city, state) values (25123,"Arbuckle","WV");
INSERT INTO ZipLocation(zipCode, city, state) values (63821,"Arbyrd","MO");
INSERT INTO ZipLocation(zipCode, city, state) values (14009,"Arcade","NY");
INSERT INTO ZipLocation(zipCode, city, state) values (91006,"Arcadia","CA");
INSERT INTO ZipLocation(zipCode, city, state) values (33821,"Arcadia","FL");
INSERT INTO ZipLocation(zipCode, city, state) values (51430,"Arcadia","IA");
INSERT INTO ZipLocation(zipCode, city, state) values (62650,"Arcadia","IL");
INSERT INTO ZipLocation(zipCode, city, state) values (46030,"Arcadia","IN");
INSERT INTO ZipLocation(zipCode, city, state) values (66711,"Arcadia","KS");
INSERT INTO ZipLocation(zipCode, city, state) values (71001,"Arcadia","LA");
INSERT INTO ZipLocation(zipCode, city, state) values (49613,"Arcadia","MI");
INSERT INTO ZipLocation(zipCode, city, state) values (63621,"Arcadia","MO");
INSERT INTO ZipLocation(zipCode, city, state) values (68815,"Arcadia","NE");
INSERT INTO ZipLocation(zipCode, city, state) values (44804,"Arcadia","OH");
INSERT INTO ZipLocation(zipCode, city, state) values (73007,"Arcadia","OK");
INSERT INTO ZipLocation(zipCode, city, state) values (77517,"Arcadia","TX");
INSERT INTO ZipLocation(zipCode, city, state) values (54612,"Arcadia","WI");
INSERT INTO ZipLocation(zipCode, city, state) values (43502,"Archbold","OH");
INSERT INTO ZipLocation(zipCode, city, state) values (27263,"Archdale","NC");
INSERT INTO ZipLocation(zipCode, city, state) values (32618,"Archer","FL");
INSERT INTO ZipLocation(zipCode, city, state) values (51231,"Archer","IA");
INSERT INTO ZipLocation(zipCode, city, state) values (68816,"Archer","NE");
INSERT INTO ZipLocation(zipCode, city, state) values (64725,"Archie","MO");
INSERT INTO ZipLocation(zipCode, city, state) values (83213,"Arco","ID");
INSERT INTO ZipLocation(zipCode, city, state) values (56113,"Arco","MN");
INSERT INTO ZipLocation(zipCode, city, state) values (61910,"Arcola","IL");
INSERT INTO ZipLocation(zipCode, city, state) values (65603,"Arcola","MO");
INSERT INTO ZipLocation(zipCode, city, state) values (22010,"Arcola","VA");
INSERT INTO ZipLocation(zipCode, city, state) values (99722,"Arctic Village","AK");
INSERT INTO ZipLocation(zipCode, city, state) values (15615,"Ardara","PA");
INSERT INTO ZipLocation(zipCode, city, state) values (28704,"Arden","NC");
INSERT INTO ZipLocation(zipCode, city, state) values (35739,"Ardmore","AL");
INSERT INTO ZipLocation(zipCode, city, state) values (19003,"Ardmore","PA");
INSERT INTO ZipLocation(zipCode, city, state) values (38449,"Ardmore","TN");
INSERT INTO ZipLocation(zipCode, city, state) values (58213,"Ardoch","ND");
INSERT INTO ZipLocation(zipCode, city, state) values (10502,"Ardsley","NY");
INSERT INTO ZipLocation(zipCode, city, state) values (50605,"Aredale","IA");
INSERT INTO ZipLocation(zipCode, city, state) values (58412,"Arena","ND");
INSERT INTO ZipLocation(zipCode, city, state) values (53503,"Arena","WI");
INSERT INTO ZipLocation(zipCode, city, state) values (62611,"Arenzville","IL");
INSERT INTO ZipLocation(zipCode, city, state) values (41121,"Argillite","KY");
INSERT INTO ZipLocation(zipCode, city, state) values (60501,"Argo","IL");
INSERT INTO ZipLocation(zipCode, city, state) values (41568,"Argo","KY");
INSERT INTO ZipLocation(zipCode, city, state) values (67004,"Argonia","KS");
INSERT INTO ZipLocation(zipCode, city, state) values (60439,"Argonne","IL");
INSERT INTO ZipLocation(zipCode, city, state) values (46501,"Argos","IN");
INSERT INTO ZipLocation(zipCode, city, state) values (93562,"Argus","CA");
INSERT INTO ZipLocation(zipCode, city, state) values (58005,"Argusville","ND");
INSERT INTO ZipLocation(zipCode, city, state) values (52619,"Argyle","IA");
INSERT INTO ZipLocation(zipCode, city, state) values (56713,"Argyle","MN");
INSERT INTO ZipLocation(zipCode, city, state) values (65001,"Argyle","MO");
INSERT INTO ZipLocation(zipCode, city, state) values (12809,"Argyle","NY");
INSERT INTO ZipLocation(zipCode, city, state) values (76226,"Argyle","TX");
INSERT INTO ZipLocation(zipCode, city, state) values (53504,"Argyle","WI");
INSERT INTO ZipLocation(zipCode, city, state) values (98603,"Ariel","WA");
INSERT INTO ZipLocation(zipCode, city, state) values (83214,"Arimo","ID");
INSERT INTO ZipLocation(zipCode, city, state) values (51520,"Arion","IA");
INSERT INTO ZipLocation(zipCode, city, state) values (36311,"Ariton","AL");
INSERT INTO ZipLocation(zipCode, city, state) values (85242,"Arizona Boys Ran","AZ");
INSERT INTO ZipLocation(zipCode, city, state) values (40902,"Arjay","KY");
INSERT INTO ZipLocation(zipCode, city, state) values (71923,"Arkadelphia","AR");
INSERT INTO ZipLocation(zipCode, city, state) values (71630,"Arkansas City","AR");
INSERT INTO ZipLocation(zipCode, city, state) values (67005,"Arkansas City","KS");
INSERT INTO ZipLocation(zipCode, city, state) values (54721,"Arkansaw","WI");
INSERT INTO ZipLocation(zipCode, city, state) values (54613,"Arkdale","WI");
INSERT INTO ZipLocation(zipCode, city, state) values (74901,"Arkoma","OK");
INSERT INTO ZipLocation(zipCode, city, state) values (14807,"Arkport","NY");
INSERT INTO ZipLocation(zipCode, city, state) values (12406,"Arkville","NY");
INSERT INTO ZipLocation(zipCode, city, state) values (59821,"Arlee","MT");
INSERT INTO ZipLocation(zipCode, city, state) values (91331,"Arleta","CA");
INSERT INTO ZipLocation(zipCode, city, state) values (35541,"Arley","AL");
INSERT INTO ZipLocation(zipCode, city, state) values (36722,"Arlington","AL");
INSERT INTO ZipLocation(zipCode, city, state) values (85322,"Arlington","AZ");
INSERT INTO ZipLocation(zipCode, city, state) values (81021,"Arlington","CO");
INSERT INTO ZipLocation(zipCode, city, state) values (31713,"Arlington","GA");
INSERT INTO ZipLocation(zipCode, city, state) values (50606,"Arlington","IA");
INSERT INTO ZipLocation(zipCode, city, state) values (61312,"Arlington","IL");
INSERT INTO ZipLocation(zipCode, city, state) values (46104,"Arlington","IN");
INSERT INTO ZipLocation(zipCode, city, state) values (67514,"Arlington","KS");
INSERT INTO ZipLocation(zipCode, city, state) values (42021,"Arlington","KY");
INSERT INTO ZipLocation(zipCode, city, state) values (2174,"Arlington","MA");
INSERT INTO ZipLocation(zipCode, city, state) values (55307,"Arlington","MN");
INSERT INTO ZipLocation(zipCode, city, state) values (68002,"Arlington","NE");
INSERT INTO ZipLocation(zipCode, city, state) values (12603,"Arlington","NY");
INSERT INTO ZipLocation(zipCode, city, state) values (45814,"Arlington","OH");
INSERT INTO ZipLocation(zipCode, city, state) values (97812,"Arlington","OR");
INSERT INTO ZipLocation(zipCode, city, state) values (57212,"Arlington","SD");
INSERT INTO ZipLocation(zipCode, city, state) values (38002,"Arlington","TN");
INSERT INTO ZipLocation(zipCode, city, state) values (76006,"Arlington","TX");
INSERT INTO ZipLocation(zipCode, city, state) values (22201,"Arlington","VA");
INSERT INTO ZipLocation(zipCode, city, state) values (5250,"Arlington","VT");
INSERT INTO ZipLocation(zipCode, city, state) values (98223,"Arlington","WA");
INSERT INTO ZipLocation(zipCode, city, state) values (53911,"Arlington","WI");
INSERT INTO ZipLocation(zipCode, city, state) values (60004,"Arlington Height","IL");
INSERT INTO ZipLocation(zipCode, city, state) values (48005,"Armada","MI");
INSERT INTO ZipLocation(zipCode, city, state) values (15920,"Armagh","PA");
INSERT INTO ZipLocation(zipCode, city, state) values (15616,"Armbrust","PA");
INSERT INTO ZipLocation(zipCode, city, state) values (61721,"Armington","IL");
INSERT INTO ZipLocation(zipCode, city, state) values (82630,"Arminto","WY");
INSERT INTO ZipLocation(zipCode, city, state) values (93202,"Armona","CA");
INSERT INTO ZipLocation(zipCode, city, state) values (10504,"Armonk","NY");
INSERT INTO ZipLocation(zipCode, city, state) values (72310,"Armorel","AR");
INSERT INTO ZipLocation(zipCode, city, state) values (57313,"Armour","SD");
INSERT INTO ZipLocation(zipCode, city, state) values (50514,"Armstrong","IA");
INSERT INTO ZipLocation(zipCode, city, state) values (61812,"Armstrong","IL");
INSERT INTO ZipLocation(zipCode, city, state) values (65230,"Armstrong","MO");
INSERT INTO ZipLocation(zipCode, city, state) values (78338,"Armstrong","TX");
INSERT INTO ZipLocation(zipCode, city, state) values (54103,"Armstrong Creek","WI");
INSERT INTO ZipLocation(zipCode, city, state) values (43933,"Armstrong Mills","OH");
INSERT INTO ZipLocation(zipCode, city, state) values (30105,"Armuchee","GA");
INSERT INTO ZipLocation(zipCode, city, state) values (70512,"Arnaudville","LA");
INSERT INTO ZipLocation(zipCode, city, state) values (58835,"Arnegard","ND");
INSERT INTO ZipLocation(zipCode, city, state) values (25007,"Arnett","WV");
INSERT INTO ZipLocation(zipCode, city, state) values (67515,"Arnold","KS");
INSERT INTO ZipLocation(zipCode, city, state) values (21012,"Arnold","MD");
INSERT INTO ZipLocation(zipCode, city, state) values (63010,"Arnold","MO");
INSERT INTO ZipLocation(zipCode, city, state) values (69120,"Arnold","NE");
INSERT INTO ZipLocation(zipCode, city, state) values (15068,"Arnold","PA");
INSERT INTO ZipLocation(zipCode, city, state) values (51331,"Arnolds Park","IA");
INSERT INTO ZipLocation(zipCode, city, state) values (25234,"Arnoldsburg","WV");
INSERT INTO ZipLocation(zipCode, city, state) values (30619,"Arnoldsville","GA");
INSERT INTO ZipLocation(zipCode, city, state) values (97902,"Arock","OR");
INSERT INTO ZipLocation(zipCode, city, state) values (22709,"Aroda","VA");
INSERT INTO ZipLocation(zipCode, city, state) values (60910,"Aroma Park","IL");
INSERT INTO ZipLocation(zipCode, city, state) values (95004,"Aromas","CA");
INSERT INTO ZipLocation(zipCode, city, state) values (15617,"Arona","PA");
INSERT INTO ZipLocation(zipCode, city, state) values (75750,"Arp","TX");
INSERT INTO ZipLocation(zipCode, city, state) values (54410,"Arpin","WI");
INSERT INTO ZipLocation(zipCode, city, state) values (87930,"Arrey","NM");
INSERT INTO ZipLocation(zipCode, city, state) values (80804,"Arriba","CO");
INSERT INTO ZipLocation(zipCode, city, state) values (37014,"Arrington","TN");
INSERT INTO ZipLocation(zipCode, city, state) values (61722,"Arrowsmith","IL");
INSERT INTO ZipLocation(zipCode, city, state) values (87513,"Arroyo Hondo","NM");
INSERT INTO ZipLocation(zipCode, city, state) values (87514,"Arroyo Seco","NM");
INSERT INTO ZipLocation(zipCode, city, state) values (15201,"Arsenal","PA");
INSERT INTO ZipLocation(zipCode, city, state) values (76820,"Art","TX");
INSERT INTO ZipLocation(zipCode, city, state) values (57437,"Artas","SD");
INSERT INTO ZipLocation(zipCode, city, state) values (17211,"Artemas","PA");
INSERT INTO ZipLocation(zipCode, city, state) values (40903,"Artemus","KY");
INSERT INTO ZipLocation(zipCode, city, state) values (88210,"Artesia","NM");
INSERT INTO ZipLocation(zipCode, city, state) values (51431,"Arthur","IA");
INSERT INTO ZipLocation(zipCode, city, state) values (61911,"Arthur","IL");
INSERT INTO ZipLocation(zipCode, city, state) values (58006,"Arthur","ND");
INSERT INTO ZipLocation(zipCode, city, state) values (69121,"Arthur","NE");
INSERT INTO ZipLocation(zipCode, city, state) values (26816,"Arthur","WV");
INSERT INTO ZipLocation(zipCode, city, state) values (75411,"Arthur City","TX");
INSERT INTO ZipLocation(zipCode, city, state) values (25008,"Artie","WV");
INSERT INTO ZipLocation(zipCode, city, state) values (4005,"Arundel","ME");
INSERT INTO ZipLocation(zipCode, city, state) values (80002,"Arvada","CO");
INSERT INTO ZipLocation(zipCode, city, state) values (82831,"Arvada","WY");
INSERT INTO ZipLocation(zipCode, city, state) values (58214,"Arvilla","ND");
INSERT INTO ZipLocation(zipCode, city, state) values (93203,"Arvin","CA");
INSERT INTO ZipLocation(zipCode, city, state) values (23004,"Arvonia","VA");
INSERT INTO ZipLocation(zipCode, city, state) values (41712,"Ary","KY");
INSERT INTO ZipLocation(zipCode, city, state) values (64832,"Asbury","MO");
INSERT INTO ZipLocation(zipCode, city, state) values (24916,"Asbury","WV");
INSERT INTO ZipLocation(zipCode, city, state) values (24828,"Asco","WV");
INSERT INTO ZipLocation(zipCode, city, state) values (28420,"Ash","NC");
INSERT INTO ZipLocation(zipCode, city, state) values (86320,"Ash Fork","AZ");
INSERT INTO ZipLocation(zipCode, city, state) values (65604,"Ash Grove","MO");
INSERT INTO ZipLocation(zipCode, city, state) values (2804,"Ashaway","RI");
INSERT INTO ZipLocation(zipCode, city, state) values (31714,"Ashburn","GA");
INSERT INTO ZipLocation(zipCode, city, state) values (63433,"Ashburn","MO");
INSERT INTO ZipLocation(zipCode, city, state) values (22011,"Ashburn","VA");
INSERT INTO ZipLocation(zipCode, city, state) values (1430,"Ashburnham","MA");
INSERT INTO ZipLocation(zipCode, city, state) values (1431,"Ashby","MA");
INSERT INTO ZipLocation(zipCode, city, state) values (56309,"Ashby","MN");
INSERT INTO ZipLocation(zipCode, city, state) values (69333,"Ashby","NE");
INSERT INTO ZipLocation(zipCode, city, state) values (41512,"Ashcamp","KY");
INSERT INTO ZipLocation(zipCode, city, state) values (71822,"Ashdown","AR");
INSERT INTO ZipLocation(zipCode, city, state) values (74826,"Asher","OK");
INSERT INTO ZipLocation(zipCode, city, state) values (78827,"Asherton","TX");
INSERT INTO ZipLocation(zipCode, city, state) values (28801,"Asheville","NC");
INSERT INTO ZipLocation(zipCode, city, state) values (1330,"Ashfield","MA");
INSERT INTO ZipLocation(zipCode, city, state) values (36312,"Ashford","AL");
INSERT INTO ZipLocation(zipCode, city, state) values (98304,"Ashford","WA");
INSERT INTO ZipLocation(zipCode, city, state) values (25009,"Ashford","WV");
INSERT INTO ZipLocation(zipCode, city, state) values (60911,"Ashkum","IL");
INSERT INTO ZipLocation(zipCode, city, state) values (36251,"Ashland","AL");
INSERT INTO ZipLocation(zipCode, city, state) values (67831,"Ashland","KS");
INSERT INTO ZipLocation(zipCode, city, state) values (41102,"Ashland","KY");
INSERT INTO ZipLocation(zipCode, city, state) values (1721,"Ashland","MA");
INSERT INTO ZipLocation(zipCode, city, state) values (4732,"Ashland","ME");
INSERT INTO ZipLocation(zipCode, city, state) values (65010,"Ashland","MO");
INSERT INTO ZipLocation(zipCode, city, state) values (59003,"Ashland","MT");
INSERT INTO ZipLocation(zipCode, city, state) values (68003,"Ashland","NE");
INSERT INTO ZipLocation(zipCode, city, state) values (3217,"Ashland","NH");
INSERT INTO ZipLocation(zipCode, city, state) values (12407,"Ashland","NY");
INSERT INTO ZipLocation(zipCode, city, state) values (44805,"Ashland","OH");
INSERT INTO ZipLocation(zipCode, city, state) values (97520,"Ashland","OR");
INSERT INTO ZipLocation(zipCode, city, state) values (17921,"Ashland","PA");
INSERT INTO ZipLocation(zipCode, city, state) values (23005,"Ashland","VA");
INSERT INTO ZipLocation(zipCode, city, state) values (37015,"Ashland City","TN");
INSERT INTO ZipLocation(zipCode, city, state) values (62808,"Ashley","IL");
INSERT INTO ZipLocation(zipCode, city, state) values (46705,"Ashley","IN");
INSERT INTO ZipLocation(zipCode, city, state) values (48806,"Ashley","MI");
INSERT INTO ZipLocation(zipCode, city, state) values (58413,"Ashley","ND");
INSERT INTO ZipLocation(zipCode, city, state) values (43003,"Ashley","OH");
INSERT INTO ZipLocation(zipCode, city, state) values (18706,"Ashley","PA");
INSERT INTO ZipLocation(zipCode, city, state) values (1222,"Ashley Falls","MA");
INSERT INTO ZipLocation(zipCode, city, state) values (61912,"Ashmore","IL");
INSERT INTO ZipLocation(zipCode, city, state) values (44004,"Ashtabula","OH");
INSERT INTO ZipLocation(zipCode, city, state) values (51232,"Ashton","IA");
INSERT INTO ZipLocation(zipCode, city, state) values (83420,"Ashton","ID");
INSERT INTO ZipLocation(zipCode, city, state) values (61006,"Ashton","IL");
INSERT INTO ZipLocation(zipCode, city, state) values (20861,"Ashton","MD");
INSERT INTO ZipLocation(zipCode, city, state) values (68817,"Ashton","NE");
INSERT INTO ZipLocation(zipCode, city, state) values (25503,"Ashton","WV");
INSERT INTO ZipLocation(zipCode, city, state) values (3441,"Ashuelot","NH");
INSERT INTO ZipLocation(zipCode, city, state) values (35953,"Ashville","AL");
INSERT INTO ZipLocation(zipCode, city, state) values (14710,"Ashville","NY");
INSERT INTO ZipLocation(zipCode, city, state) values (43103,"Ashville","OH");
INSERT INTO ZipLocation(zipCode, city, state) values (16613,"Ashville","PA");
INSERT INTO ZipLocation(zipCode, city, state) values (54304,"Ashwaubenon","WI");
INSERT INTO ZipLocation(zipCode, city, state) values (97711,"Ashwood","OR");
INSERT INTO ZipLocation(zipCode, city, state) values (38621,"Askew","MS");
INSERT INTO ZipLocation(zipCode, city, state) values (55704,"Askov","MN");
INSERT INTO ZipLocation(zipCode, city, state) values (99402,"Asotin","WA");
INSERT INTO ZipLocation(zipCode, city, state) values (81611,"Aspen","CO");
INSERT INTO ZipLocation(zipCode, city, state) values (20906,"Aspen Hill","MD");
INSERT INTO ZipLocation(zipCode, city, state) values (79502,"Aspermont","TX");
INSERT INTO ZipLocation(zipCode, city, state) values (17304,"Aspers","PA");
INSERT INTO ZipLocation(zipCode, city, state) values (51432,"Aspinwall","IA");
INSERT INTO ZipLocation(zipCode, city, state) values (15215,"Aspinwall","PA");
INSERT INTO ZipLocation(zipCode, city, state) values (67416,"Assaria","KS");
INSERT INTO ZipLocation(zipCode, city, state) values (23302,"Assawoman","VA");
INSERT INTO ZipLocation(zipCode, city, state) values (2702,"Assonet","MA");
INSERT INTO ZipLocation(zipCode, city, state) values (62510,"Assumption","IL");
INSERT INTO ZipLocation(zipCode, city, state) values (34705,"Astatula","FL");
INSERT INTO ZipLocation(zipCode, city, state) values (19014,"Aston","PA");
INSERT INTO ZipLocation(zipCode, city, state) values (32102,"Astor","FL");
INSERT INTO ZipLocation(zipCode, city, state) values (61501,"Astoria","IL");
INSERT INTO ZipLocation(zipCode, city, state) values (11101,"Astoria","NY");
INSERT INTO ZipLocation(zipCode, city, state) values (97103,"Astoria","OR");
INSERT INTO ZipLocation(zipCode, city, state) values (57213,"Astoria","SD");
INSERT INTO ZipLocation(zipCode, city, state) values (52720,"Atalissa","IA");
INSERT INTO ZipLocation(zipCode, city, state) values (93422,"Atascadero","CA");
INSERT INTO ZipLocation(zipCode, city, state) values (78002,"Atascosa","TX");
INSERT INTO ZipLocation(zipCode, city, state) values (66002,"Atchison","KS");
INSERT INTO ZipLocation(zipCode, city, state) values (19310,"Atglen","PA");
INSERT INTO ZipLocation(zipCode, city, state) values (54104,"Athelstane","WI");
INSERT INTO ZipLocation(zipCode, city, state) values (97813,"Athena","OR");
INSERT INTO ZipLocation(zipCode, city, state) values (35611,"Athens","AL");
INSERT INTO ZipLocation(zipCode, city, state) values (30601,"Athens","GA");
INSERT INTO ZipLocation(zipCode, city, state) values (71003,"Athens","LA");
INSERT INTO ZipLocation(zipCode, city, state) values (4912,"Athens","ME");
INSERT INTO ZipLocation(zipCode, city, state) values (49011,"Athens","MI");
INSERT INTO ZipLocation(zipCode, city, state) values (12015,"Athens","NY");
INSERT INTO ZipLocation(zipCode, city, state) values (45701,"Athens","OH");
INSERT INTO ZipLocation(zipCode, city, state) values (18810,"Athens","PA");
INSERT INTO ZipLocation(zipCode, city, state) values (37303,"Athens","TN");
INSERT INTO ZipLocation(zipCode, city, state) values (75751,"Athens","TX");
INSERT INTO ZipLocation(zipCode, city, state) values (24712,"Athens","WV");
INSERT INTO ZipLocation(zipCode, city, state) values (94027,"Atherton","CA");
INSERT INTO ZipLocation(zipCode, city, state) values (83801,"Athol","ID");
INSERT INTO ZipLocation(zipCode, city, state) values (66932,"Athol","KS");
INSERT INTO ZipLocation(zipCode, city, state) values (12810,"Athol","NY");
INSERT INTO ZipLocation(zipCode, city, state) values (57424,"Athol","SD");
INSERT INTO ZipLocation(zipCode, city, state) values (72823,"Atkins","AR");
INSERT INTO ZipLocation(zipCode, city, state) values (52206,"Atkins","IA");
INSERT INTO ZipLocation(zipCode, city, state) values (24311,"Atkins","VA");
INSERT INTO ZipLocation(zipCode, city, state) values (61235,"Atkinson","IL");
INSERT INTO ZipLocation(zipCode, city, state) values (28421,"Atkinson","NC");
INSERT INTO ZipLocation(zipCode, city, state) values (68713,"Atkinson","NE");
INSERT INTO ZipLocation(zipCode, city, state) values (3811,"Atkinson","NH");
INSERT INTO ZipLocation(zipCode, city, state) values (30303,"Atlanta","GA");
INSERT INTO ZipLocation(zipCode, city, state) values (83601,"Atlanta","ID");
INSERT INTO ZipLocation(zipCode, city, state) values (61723,"Atlanta","IL");
INSERT INTO ZipLocation(zipCode, city, state) values (46031,"Atlanta","IN");
INSERT INTO ZipLocation(zipCode, city, state) values (67008,"Atlanta","KS");
INSERT INTO ZipLocation(zipCode, city, state) values (71404,"Atlanta","LA");
INSERT INTO ZipLocation(zipCode, city, state) values (49709,"Atlanta","MI");
INSERT INTO ZipLocation(zipCode, city, state) values (63530,"Atlanta","MO");
INSERT INTO ZipLocation(zipCode, city, state) values (68923,"Atlanta","NE");
INSERT INTO ZipLocation(zipCode, city, state) values (14808,"Atlanta","NY");
INSERT INTO ZipLocation(zipCode, city, state) values (75551,"Atlanta","TX");
INSERT INTO ZipLocation(zipCode, city, state) values (50022,"Atlantic","IA");
INSERT INTO ZipLocation(zipCode, city, state) values (28511,"Atlantic","NC");
INSERT INTO ZipLocation(zipCode, city, state) values (16111,"Atlantic","PA");
INSERT INTO ZipLocation(zipCode, city, state) values (32233,"Atlantic Beach","FL");
INSERT INTO ZipLocation(zipCode, city, state) values (11509,"Atlantic Beach","NY");
INSERT INTO ZipLocation(zipCode, city, state) values (8401,"Atlantic City","NJ");
INSERT INTO ZipLocation(zipCode, city, state) values (7716,"Atlantic Highlan","NJ");
INSERT INTO ZipLocation(zipCode, city, state) values (49905,"Atlantic Mine","MI");
INSERT INTO ZipLocation(zipCode, city, state) values (99559,"Atmautluak","AK");
INSERT INTO ZipLocation(zipCode, city, state) values (36502,"Atmore","AL");
INSERT INTO ZipLocation(zipCode, city, state) values (74525,"Atoka","OK");
INSERT INTO ZipLocation(zipCode, city, state) values (38004,"Atoka","TN");
INSERT INTO ZipLocation(zipCode, city, state) values (35954,"Attalla","AL");
INSERT INTO ZipLocation(zipCode, city, state) values (31715,"Attapulgus","GA");
INSERT INTO ZipLocation(zipCode, city, state) values (62675,"Atterbury","IL");
INSERT INTO ZipLocation(zipCode, city, state) values (47918,"Attica","IN");
INSERT INTO ZipLocation(zipCode, city, state) values (67009,"Attica","KS");
INSERT INTO ZipLocation(zipCode, city, state) values (48412,"Attica","MI");
INSERT INTO ZipLocation(zipCode, city, state) values (14011,"Attica","NY");
INSERT INTO ZipLocation(zipCode, city, state) values (2703,"Attleboro","MA");
INSERT INTO ZipLocation(zipCode, city, state) values (95301,"Atwater","CA");
INSERT INTO ZipLocation(zipCode, city, state) values (62511,"Atwater","IL");
INSERT INTO ZipLocation(zipCode, city, state) values (56209,"Atwater","MN");
INSERT INTO ZipLocation(zipCode, city, state) values (44201,"Atwater","OH");
INSERT INTO ZipLocation(zipCode, city, state) values (80722,"Atwood","CO");
INSERT INTO ZipLocation(zipCode, city, state) values (61913,"Atwood","IL");
INSERT INTO ZipLocation(zipCode, city, state) values (67730,"Atwood","KS");
INSERT INTO ZipLocation(zipCode, city, state) values (74827,"Atwood","OK");
INSERT INTO ZipLocation(zipCode, city, state) values (38220,"Atwood","TN");
INSERT INTO ZipLocation(zipCode, city, state) values (48703,"Au Gres","MI");
INSERT INTO ZipLocation(zipCode, city, state) values (12911,"Au Sable Chasm","NY");
INSERT INTO ZipLocation(zipCode, city, state) values (12912,"Au Sable Forks","NY");
INSERT INTO ZipLocation(zipCode, city, state) values (49806,"Au Train","MI");
INSERT INTO ZipLocation(zipCode, city, state) values (93602,"Auberry","CA");
INSERT INTO ZipLocation(zipCode, city, state) values (72311,"Aubrey","AR");
INSERT INTO ZipLocation(zipCode, city, state) values (76227,"Aubrey","TX");
INSERT INTO ZipLocation(zipCode, city, state) values (36830,"Auburn","AL");
INSERT INTO ZipLocation(zipCode, city, state) values (95603,"Auburn","CA");
INSERT INTO ZipLocation(zipCode, city, state) values (30203,"Auburn","GA");
INSERT INTO ZipLocation(zipCode, city, state) values (62615,"Auburn","IL");
INSERT INTO ZipLocation(zipCode, city, state) values (46706,"Auburn","IN");
INSERT INTO ZipLocation(zipCode, city, state) values (66402,"Auburn","KS");
INSERT INTO ZipLocation(zipCode, city, state) values (42206,"Auburn","KY");
INSERT INTO ZipLocation(zipCode, city, state) values (1501,"Auburn","MA");
INSERT INTO ZipLocation(zipCode, city, state) values (4210,"Auburn","ME");
INSERT INTO ZipLocation(zipCode, city, state) values (48611,"Auburn","MI");
INSERT INTO ZipLocation(zipCode, city, state) values (68305,"Auburn","NE");
INSERT INTO ZipLocation(zipCode, city, state) values (3032,"Auburn","NH");
INSERT INTO ZipLocation(zipCode, city, state) values (13021,"Auburn","NY");
INSERT INTO ZipLocation(zipCode, city, state) values (17922,"Auburn","PA");
INSERT INTO ZipLocation(zipCode, city, state) values (98002,"Auburn","WA");
INSERT INTO ZipLocation(zipCode, city, state) values (26325,"Auburn","WV");
INSERT INTO ZipLocation(zipCode, city, state) values (83111,"Auburn","WY");
INSERT INTO ZipLocation(zipCode, city, state) values (48326,"Auburn Hills","MI");
INSERT INTO ZipLocation(zipCode, city, state) values (33823,"Auburndale","FL");
INSERT INTO ZipLocation(zipCode, city, state) values (2166,"Auburndale","MA");
INSERT INTO ZipLocation(zipCode, city, state) values (54412,"Auburndale","WI");
INSERT INTO ZipLocation(zipCode, city, state) values (37016,"Auburntown","TN");
INSERT INTO ZipLocation(zipCode, city, state) values (50025,"Audubon","IA");
INSERT INTO ZipLocation(zipCode, city, state) values (56511,"Audubon","MN");
INSERT INTO ZipLocation(zipCode, city, state) values (8106,"Audubon","NJ");
INSERT INTO ZipLocation(zipCode, city, state) values (72006,"Augusta","AR");
INSERT INTO ZipLocation(zipCode, city, state) values (30901,"Augusta","GA");
INSERT INTO ZipLocation(zipCode, city, state) values (62311,"Augusta","IL");
INSERT INTO ZipLocation(zipCode, city, state) values (67010,"Augusta","KS");
INSERT INTO ZipLocation(zipCode, city, state) values (41002,"Augusta","KY");
INSERT INTO ZipLocation(zipCode, city, state) values (4330,"Augusta","ME");
INSERT INTO ZipLocation(zipCode, city, state) values (49012,"Augusta","MI");
INSERT INTO ZipLocation(zipCode, city, state) values (63332,"Augusta","MO");
INSERT INTO ZipLocation(zipCode, city, state) values (59410,"Augusta","MT");
INSERT INTO ZipLocation(zipCode, city, state) values (7822,"Augusta","NJ");
INSERT INTO ZipLocation(zipCode, city, state) values (54722,"Augusta","WI");
INSERT INTO ZipLocation(zipCode, city, state) values (26704,"Augusta","WV");
INSERT INTO ZipLocation(zipCode, city, state) values (27805,"Aulander","NC");
INSERT INTO ZipLocation(zipCode, city, state) values (80610,"Ault","CO");
INSERT INTO ZipLocation(zipCode, city, state) values (15713,"Aultman","PA");
INSERT INTO ZipLocation(zipCode, city, state) values (51005,"Aurelia","IA");
INSERT INTO ZipLocation(zipCode, city, state) values (80010,"Aurora","CO");
INSERT INTO ZipLocation(zipCode, city, state) values (50607,"Aurora","IA");
INSERT INTO ZipLocation(zipCode, city, state) values (60504,"Aurora","IL");
INSERT INTO ZipLocation(zipCode, city, state) values (47001,"Aurora","IN");
INSERT INTO ZipLocation(zipCode, city, state) values (67417,"Aurora","KS");
INSERT INTO ZipLocation(zipCode, city, state) values (4408,"Aurora","ME");
INSERT INTO ZipLocation(zipCode, city, state) values (55705,"Aurora","MN");
INSERT INTO ZipLocation(zipCode, city, state) values (27806,"Aurora","NC");
INSERT INTO ZipLocation(zipCode, city, state) values (68818,"Aurora","NE");
INSERT INTO ZipLocation(zipCode, city, state) values (13026,"Aurora","NY");
INSERT INTO ZipLocation(zipCode, city, state) values (97002,"Aurora","OR");
INSERT INTO ZipLocation(zipCode, city, state) values (57002,"Aurora","SD");
INSERT INTO ZipLocation(zipCode, city, state) values (30001,"Austell","GA");
INSERT INTO ZipLocation(zipCode, city, state) values (12017,"Austerlitz","NY");
INSERT INTO ZipLocation(zipCode, city, state) values (72007,"Austin","AR");
INSERT INTO ZipLocation(zipCode, city, state) values (81410,"Austin","CO");
INSERT INTO ZipLocation(zipCode, city, state) values (47102,"Austin","IN");
INSERT INTO ZipLocation(zipCode, city, state) values (42123,"Austin","KY");
INSERT INTO ZipLocation(zipCode, city, state) values (55912,"Austin","MN");
INSERT INTO ZipLocation(zipCode, city, state) values (89310,"Austin","NV");
INSERT INTO ZipLocation(zipCode, city, state) values (16720,"Austin","PA");
INSERT INTO ZipLocation(zipCode, city, state) values (78701,"Austin","TX");
INSERT INTO ZipLocation(zipCode, city, state) values (84754,"Austin","UT");
INSERT INTO ZipLocation(zipCode, city, state) values (44010,"Austinburg","OH");
INSERT INTO ZipLocation(zipCode, city, state) values (44515,"Austintown","OH");
INSERT INTO ZipLocation(zipCode, city, state) values (50608,"Austinville","IA");
INSERT INTO ZipLocation(zipCode, city, state) values (24312,"Austinville","VA");
INSERT INTO ZipLocation(zipCode, city, state) values (75835,"Austonio","TX");
INSERT INTO ZipLocation(zipCode, city, state) values (36003,"Autaugaville","AL");
INSERT INTO ZipLocation(zipCode, city, state) values (24917,"Auto","WV");
INSERT INTO ZipLocation(zipCode, city, state) values (28318,"Autryville","NC");
INSERT INTO ZipLocation(zipCode, city, state) values (41602,"Auxier","KY");
INSERT INTO ZipLocation(zipCode, city, state) values (65231,"Auxvasse","MO");
INSERT INTO ZipLocation(zipCode, city, state) values (62907,"Ava","IL");
INSERT INTO ZipLocation(zipCode, city, state) values (65608,"Ava","MO");
INSERT INTO ZipLocation(zipCode, city, state) values (13303,"Ava","NY");
INSERT INTO ZipLocation(zipCode, city, state) values (90704,"Avalon","CA");
INSERT INTO ZipLocation(zipCode, city, state) values (64621,"Avalon","MO");
INSERT INTO ZipLocation(zipCode, city, state) values (38912,"Avalon","MS");
INSERT INTO ZipLocation(zipCode, city, state) values (8202,"Avalon","NJ");
INSERT INTO ZipLocation(zipCode, city, state) values (53505,"Avalon","WI");
INSERT INTO ZipLocation(zipCode, city, state) values (15312,"Avella","PA");
INSERT INTO ZipLocation(zipCode, city, state) values (93204,"Avenal","CA");
INSERT INTO ZipLocation(zipCode, city, state) values (7001,"Avenel","NJ");
INSERT INTO ZipLocation(zipCode, city, state) values (20609,"Avenue","MD");
INSERT INTO ZipLocation(zipCode, city, state) values (30803,"Avera","GA");
INSERT INTO ZipLocation(zipCode, city, state) values (5901,"Averill","VT");
INSERT INTO ZipLocation(zipCode, city, state) values (12018,"Averill Park","NY");
INSERT INTO ZipLocation(zipCode, city, state) values (83802,"Avery","ID");
INSERT INTO ZipLocation(zipCode, city, state) values (75554,"Avery","TX");
INSERT INTO ZipLocation(zipCode, city, state) values (46710,"Avilla","IN");
INSERT INTO ZipLocation(zipCode, city, state) values (64833,"Avilla","MO");
INSERT INTO ZipLocation(zipCode, city, state) values (75630,"Avinger","TX");
INSERT INTO ZipLocation(zipCode, city, state) values (51521,"Avoca","IA");
INSERT INTO ZipLocation(zipCode, city, state) values (56114,"Avoca","MN");
INSERT INTO ZipLocation(zipCode, city, state) values (68307,"Avoca","NE");
INSERT INTO ZipLocation(zipCode, city, state) values (18641,"Avoca","PA");
INSERT INTO ZipLocation(zipCode, city, state) values (79503,"Avoca","TX");
INSERT INTO ZipLocation(zipCode, city, state) values (53506,"Avoca","WI");
INSERT INTO ZipLocation(zipCode, city, state) values (6001,"Avon","CT");
INSERT INTO ZipLocation(zipCode, city, state) values (61415,"Avon","IL");
INSERT INTO ZipLocation(zipCode, city, state) values (46168,"Avon","IN");
INSERT INTO ZipLocation(zipCode, city, state) values (2322,"Avon","MA");
INSERT INTO ZipLocation(zipCode, city, state) values (56310,"Avon","MN");
INSERT INTO ZipLocation(zipCode, city, state) values (14414,"Avon","NY");
INSERT INTO ZipLocation(zipCode, city, state) values (44011,"Avon","OH");
INSERT INTO ZipLocation(zipCode, city, state) values (57315,"Avon","SD");
INSERT INTO ZipLocation(zipCode, city, state) values (7717,"Avon By The Sea","NJ");
INSERT INTO ZipLocation(zipCode, city, state) values (44012,"Avon Lake","OH");
INSERT INTO ZipLocation(zipCode, city, state) values (33825,"Avon Park","FL");
INSERT INTO ZipLocation(zipCode, city, state) values (85323,"Avondale","AZ");
INSERT INTO ZipLocation(zipCode, city, state) values (19311,"Avondale","PA");
INSERT INTO ZipLocation(zipCode, city, state) values (30002,"Avondale Estates","GA");
INSERT INTO ZipLocation(zipCode, city, state) values (15618,"Avonmore","PA");
INSERT INTO ZipLocation(zipCode, city, state) values (29429,"Awendaw","SC");
INSERT INTO ZipLocation(zipCode, city, state) values (36505,"Axis","AL");
INSERT INTO ZipLocation(zipCode, city, state) values (31624,"Axson","GA");
INSERT INTO ZipLocation(zipCode, city, state) values (66403,"Axtell","KS");
INSERT INTO ZipLocation(zipCode, city, state) values (68924,"Axtell","NE");
INSERT INTO ZipLocation(zipCode, city, state) values (76624,"Axtell","TX");
INSERT INTO ZipLocation(zipCode, city, state) values (84621,"Axtell","UT");
INSERT INTO ZipLocation(zipCode, city, state) values (24054,"Axton","VA");
INSERT INTO ZipLocation(zipCode, city, state) values (28513,"Ayden","NC");
INSERT INTO ZipLocation(zipCode, city, state) values (27916,"Aydlett","NC");
INSERT INTO ZipLocation(zipCode, city, state) values (1432,"Ayer","MA");
INSERT INTO ZipLocation(zipCode, city, state) values (23009,"Aylett","VA");
INSERT INTO ZipLocation(zipCode, city, state) values (22727,"Aylor","VA");
INSERT INTO ZipLocation(zipCode, city, state) values (29511,"Aynor","SC");
INSERT INTO ZipLocation(zipCode, city, state) values (58007,"Ayr","ND");
INSERT INTO ZipLocation(zipCode, city, state) values (68925,"Ayr","NE");
INSERT INTO ZipLocation(zipCode, city, state) values (50515,"Ayrshire","IA");
INSERT INTO ZipLocation(zipCode, city, state) values (97410,"Azalea","OR");
INSERT INTO ZipLocation(zipCode, city, state) values (32807,"Azalea Park","FL");
INSERT INTO ZipLocation(zipCode, city, state) values (76020,"Azle","TX");
INSERT INTO ZipLocation(zipCode, city, state) values (87410,"Aztec","NM");
INSERT INTO ZipLocation(zipCode, city, state) values (91702,"Azusa","CA");
INSERT INTO ZipLocation(zipCode, city, state) values (59411,"Babb","MT");
INSERT INTO ZipLocation(zipCode, city, state) values (55706,"Babbitt","MN");
INSERT INTO ZipLocation(zipCode, city, state) values (54413,"Babcock","WI");
INSERT INTO ZipLocation(zipCode, city, state) values (33827,"Babson Park","FL");
INSERT INTO ZipLocation(zipCode, city, state) values (58282,"Backoo","ND");
INSERT INTO ZipLocation(zipCode, city, state) values (56435,"Backus","MN");
INSERT INTO ZipLocation(zipCode, city, state) values (77518,"Bacliff","TX");
INSERT INTO ZipLocation(zipCode, city, state) values (31716,"Baconton","GA");
INSERT INTO ZipLocation(zipCode, city, state) values (48413,"Bad Axe","MI");
INSERT INTO ZipLocation(zipCode, city, state) values (15005,"Baden","PA");
INSERT INTO ZipLocation(zipCode, city, state) values (62624,"Bader","IL");
INSERT INTO ZipLocation(zipCode, city, state) values (50516,"Badger","IA");
INSERT INTO ZipLocation(zipCode, city, state) values (56714,"Badger","MN");
INSERT INTO ZipLocation(zipCode, city, state) values (57214,"Badger","SD");
INSERT INTO ZipLocation(zipCode, city, state) values (86321,"Bagdad","AZ");
INSERT INTO ZipLocation(zipCode, city, state) values (40003,"Bagdad","KY");
INSERT INTO ZipLocation(zipCode, city, state) values (82321,"Baggs","WY");
INSERT INTO ZipLocation(zipCode, city, state) values (50026,"Bagley","IA");
INSERT INTO ZipLocation(zipCode, city, state) values (56621,"Bagley","MN");
INSERT INTO ZipLocation(zipCode, city, state) values (53801,"Bagley","WI");
INSERT INTO ZipLocation(zipCode, city, state) values (75412,"Bagwell","TX");
INSERT INTO ZipLocation(zipCode, city, state) values (27503,"Bahama","NC");
INSERT INTO ZipLocation(zipCode, city, state) values (80421,"Bailey","CO");
INSERT INTO ZipLocation(zipCode, city, state) values (49303,"Bailey","MI");
INSERT INTO ZipLocation(zipCode, city, state) values (39320,"Bailey","MS");
INSERT INTO ZipLocation(zipCode, city, state) values (27807,"Bailey","NC");
INSERT INTO ZipLocation(zipCode, city, state) values (4003,"Bailey Island","ME");
INSERT INTO ZipLocation(zipCode, city, state) values (40906,"Bailey Switch","KY");
INSERT INTO ZipLocation(zipCode, city, state) values (22041,"Baileys Crossroa","VA");
INSERT INTO ZipLocation(zipCode, city, state) values (54202,"Baileys Harbor","WI");
INSERT INTO ZipLocation(zipCode, city, state) values (35019,"Baileyton","AL");
INSERT INTO ZipLocation(zipCode, city, state) values (37743,"Baileyton","TN");
INSERT INTO ZipLocation(zipCode, city, state) values (61007,"Baileyville","IL");
INSERT INTO ZipLocation(zipCode, city, state) values (66404,"Baileyville","KS");
INSERT INTO ZipLocation(zipCode, city, state) values (31717,"Bainbridge","GA");
INSERT INTO ZipLocation(zipCode, city, state) values (46105,"Bainbridge","IN");
INSERT INTO ZipLocation(zipCode, city, state) values (21904,"Bainbridge","MD");
INSERT INTO ZipLocation(zipCode, city, state) values (13733,"Bainbridge","NY");
INSERT INTO ZipLocation(zipCode, city, state) values (45612,"Bainbridge","OH");
INSERT INTO ZipLocation(zipCode, city, state) values (17502,"Bainbridge","PA");
INSERT INTO ZipLocation(zipCode, city, state) values (98110,"Bainbridge Islan","WA");
INSERT INTO ZipLocation(zipCode, city, state) values (70775,"Bains","LA");
INSERT INTO ZipLocation(zipCode, city, state) values (59212,"Bainville","MT");
INSERT INTO ZipLocation(zipCode, city, state) values (38751,"Baird","MS");
INSERT INTO ZipLocation(zipCode, city, state) values (79504,"Baird","TX");
INSERT INTO ZipLocation(zipCode, city, state) values (82322,"Bairoil","WY");
INSERT INTO ZipLocation(zipCode, city, state) values (25608,"Baisden","WV");
INSERT INTO ZipLocation(zipCode, city, state) values (92309,"Baker","CA");
INSERT INTO ZipLocation(zipCode, city, state) values (32531,"Baker","FL");
INSERT INTO ZipLocation(zipCode, city, state) values (70714,"Baker","LA");
INSERT INTO ZipLocation(zipCode, city, state) values (56513,"Baker","MN");
INSERT INTO ZipLocation(zipCode, city, state) values (59313,"Baker","MT");
INSERT INTO ZipLocation(zipCode, city, state) values (58386,"Baker","ND");
INSERT INTO ZipLocation(zipCode, city, state) values (89311,"Baker","NV");
INSERT INTO ZipLocation(zipCode, city, state) values (73950,"Baker","OK");
INSERT INTO ZipLocation(zipCode, city, state) values (26801,"Baker","WV");
INSERT INTO ZipLocation(zipCode, city, state) values (93301,"Bakersfield","CA");
INSERT INTO ZipLocation(zipCode, city, state) values (65609,"Bakersfield","MO");
INSERT INTO ZipLocation(zipCode, city, state) values (5441,"Bakersfield","VT");
INSERT INTO ZipLocation(zipCode, city, state) values (15007,"Bakerstown","PA");
INSERT INTO ZipLocation(zipCode, city, state) values (28705,"Bakersville","NC");
INSERT INTO ZipLocation(zipCode, city, state) values (42711,"Bakerton","KY");
INSERT INTO ZipLocation(zipCode, city, state) values (33154,"Bal Harbour","FL");
INSERT INTO ZipLocation(zipCode, city, state) values (19004,"Bala Cynwyd","PA");
INSERT INTO ZipLocation(zipCode, city, state) values (56115,"Balaton","MN");
INSERT INTO ZipLocation(zipCode, city, state) values (75180,"Balch Springs","TX");
INSERT INTO ZipLocation(zipCode, city, state) values (78201,"Balcones Heights","TX");
INSERT INTO ZipLocation(zipCode, city, state) values (72010,"Bald Knob","AR");
INSERT INTO ZipLocation(zipCode, city, state) values (25010,"Bald Knob","WV");
INSERT INTO ZipLocation(zipCode, city, state) values (32234,"Baldwin","FL");
INSERT INTO ZipLocation(zipCode, city, state) values (30511,"Baldwin","GA");
INSERT INTO ZipLocation(zipCode, city, state) values (52207,"Baldwin","IA");
INSERT INTO ZipLocation(zipCode, city, state) values (62217,"Baldwin","IL");
INSERT INTO ZipLocation(zipCode, city, state) values (70514,"Baldwin","LA");
INSERT INTO ZipLocation(zipCode, city, state) values (21013,"Baldwin","MD");
INSERT INTO ZipLocation(zipCode, city, state) values (49304,"Baldwin","MI");
INSERT INTO ZipLocation(zipCode, city, state) values (58521,"Baldwin","ND");
INSERT INTO ZipLocation(zipCode, city, state) values (11510,"Baldwin","NY");
INSERT INTO ZipLocation(zipCode, city, state) values (54002,"Baldwin","WI");
INSERT INTO ZipLocation(zipCode, city, state) values (26351,"Baldwin","WV");
INSERT INTO ZipLocation(zipCode, city, state) values (66006,"Baldwin City","KS");
INSERT INTO ZipLocation(zipCode, city, state) values (13027,"Baldwinsville","NY");
INSERT INTO ZipLocation(zipCode, city, state) values (1436,"Baldwinville","MA");
INSERT INTO ZipLocation(zipCode, city, state) values (38824,"Baldwyn","MS");
INSERT INTO ZipLocation(zipCode, city, state) values (58712,"Balfour","ND");
INSERT INTO ZipLocation(zipCode, city, state) values (73931,"Balko","OK");
INSERT INTO ZipLocation(zipCode, city, state) values (30107,"Ball Ground","GA");
INSERT INTO ZipLocation(zipCode, city, state) values (47306,"Ball State Unive","IN");
INSERT INTO ZipLocation(zipCode, city, state) values (59006,"Ballantine","MT");
INSERT INTO ZipLocation(zipCode, city, state) values (93463,"Ballard","CA");
INSERT INTO ZipLocation(zipCode, city, state) values (24918,"Ballard","WV");
INSERT INTO ZipLocation(zipCode, city, state) values (24919,"Ballengee","WV");
INSERT INTO ZipLocation(zipCode, city, state) values (95303,"Ballico","CA");
INSERT INTO ZipLocation(zipCode, city, state) values (76821,"Ballinger","TX");
INSERT INTO ZipLocation(zipCode, city, state) values (12019,"Ballston Lake","NY");
INSERT INTO ZipLocation(zipCode, city, state) values (12020,"Ballston Spa","NY");
INSERT INTO ZipLocation(zipCode, city, state) values (63021,"Ballwin","MO");
INSERT INTO ZipLocation(zipCode, city, state) values (19503,"Bally","PA");
INSERT INTO ZipLocation(zipCode, city, state) values (79718,"Balmorhea","TX");
INSERT INTO ZipLocation(zipCode, city, state) values (28708,"Balsam Grove","NC");
INSERT INTO ZipLocation(zipCode, city, state) values (54810,"Balsam Lake","WI");
INSERT INTO ZipLocation(zipCode, city, state) values (6330,"Baltic","CT");
INSERT INTO ZipLocation(zipCode, city, state) values (43804,"Baltic","OH");
INSERT INTO ZipLocation(zipCode, city, state) values (57003,"Baltic","SD");
INSERT INTO ZipLocation(zipCode, city, state) values (21201,"Baltimore","MD");
INSERT INTO ZipLocation(zipCode, city, state) values (43105,"Baltimore","OH");
INSERT INTO ZipLocation(zipCode, city, state) values (29003,"Bamberg","SC");
INSERT INTO ZipLocation(zipCode, city, state) values (50517,"Bancroft","IA");
INSERT INTO ZipLocation(zipCode, city, state) values (83217,"Bancroft","ID");
INSERT INTO ZipLocation(zipCode, city, state) values (48414,"Bancroft","MI");
INSERT INTO ZipLocation(zipCode, city, state) values (68004,"Bancroft","NE");
INSERT INTO ZipLocation(zipCode, city, state) values (57316,"Bancroft","SD");
INSERT INTO ZipLocation(zipCode, city, state) values (54921,"Bancroft","WI");
INSERT INTO ZipLocation(zipCode, city, state) values (78003,"Bandera","TX");
INSERT INTO ZipLocation(zipCode, city, state) values (97411,"Bandon","OR");
INSERT INTO ZipLocation(zipCode, city, state) values (24602,"Bandy","VA");
INSERT INTO ZipLocation(zipCode, city, state) values (25204,"Bandytown","WV");
INSERT INTO ZipLocation(zipCode, city, state) values (37890,"Baneberry","TN");
INSERT INTO ZipLocation(zipCode, city, state) values (95914,"Bangor","CA");
INSERT INTO ZipLocation(zipCode, city, state) values (4401,"Bangor","ME");
INSERT INTO ZipLocation(zipCode, city, state) values (49013,"Bangor","MI");
INSERT INTO ZipLocation(zipCode, city, state) values (12966,"Bangor","NY");
INSERT INTO ZipLocation(zipCode, city, state) values (54614,"Bangor","WI");
INSERT INTO ZipLocation(zipCode, city, state) values (76823,"Bangs","TX");
INSERT INTO ZipLocation(zipCode, city, state) values (36005,"Banks","AL");
INSERT INTO ZipLocation(zipCode, city, state) values (71631,"Banks","AR");
INSERT INTO ZipLocation(zipCode, city, state) values (83602,"Banks","ID");
INSERT INTO ZipLocation(zipCode, city, state) values (97106,"Banks","OR");
INSERT INTO ZipLocation(zipCode, city, state) values (35542,"Bankston","AL");
INSERT INTO ZipLocation(zipCode, city, state) values (41603,"Banner","KY");
INSERT INTO ZipLocation(zipCode, city, state) values (38913,"Banner","MS");
INSERT INTO ZipLocation(zipCode, city, state) values (82832,"Banner","WY");
INSERT INTO ZipLocation(zipCode, city, state) values (28604,"Banner Elk","NC");
INSERT INTO ZipLocation(zipCode, city, state) values (92220,"Banning","CA");
INSERT INTO ZipLocation(zipCode, city, state) values (48807,"Bannister","MI");
INSERT INTO ZipLocation(zipCode, city, state) values (6750,"Bantam","CT");
INSERT INTO ZipLocation(zipCode, city, state) values (58713,"Bantry","ND");
INSERT INTO ZipLocation(zipCode, city, state) values (4609,"Bar Harbor","ME");
INSERT INTO ZipLocation(zipCode, city, state) values (53913,"Baraboo","WI");
INSERT INTO ZipLocation(zipCode, city, state) values (70036,"Barataria","LA");
INSERT INTO ZipLocation(zipCode, city, state) values (49710,"Barbeau","MI");
INSERT INTO ZipLocation(zipCode, city, state) values (25504,"Barboursville","WV");
INSERT INTO ZipLocation(zipCode, city, state) values (62684,"Barclay","IL");
INSERT INTO ZipLocation(zipCode, city, state) values (21607,"Barclay","MD");
INSERT INTO ZipLocation(zipCode, city, state) values (27917,"Barco","NC");
INSERT INTO ZipLocation(zipCode, city, state) values (88411,"Bard","NM");
INSERT INTO ZipLocation(zipCode, city, state) values (61416,"Bardolph","IL");
INSERT INTO ZipLocation(zipCode, city, state) values (10954,"Bardonia","NY");
INSERT INTO ZipLocation(zipCode, city, state) values (93015,"Bardsdale","CA");
INSERT INTO ZipLocation(zipCode, city, state) values (40004,"Bardstown","KY");
INSERT INTO ZipLocation(zipCode, city, state) values (42023,"Bardwell","KY");
INSERT INTO ZipLocation(zipCode, city, state) values (32976,"Barefoot Bay","FL");
INSERT INTO ZipLocation(zipCode, city, state) values (46106,"Bargersville","IN");
INSERT INTO ZipLocation(zipCode, city, state) values (23011,"Barhamsville","VA");
INSERT INTO ZipLocation(zipCode, city, state) values (63531,"Baring","MO");
INSERT INTO ZipLocation(zipCode, city, state) values (98224,"Baring","WA");
INSERT INTO ZipLocation(zipCode, city, state) values (14012,"Barker","NY");
INSERT INTO ZipLocation(zipCode, city, state) values (78828,"Barksdale","TX");
INSERT INTO ZipLocation(zipCode, city, state) values (71110,"Barksdale A F B","LA");
INSERT INTO ZipLocation(zipCode, city, state) values (72923,"Barling","AR");
INSERT INTO ZipLocation(zipCode, city, state) values (42024,"Barlow","KY");
INSERT INTO ZipLocation(zipCode, city, state) values (25638,"Barnabus","WV");
INSERT INTO ZipLocation(zipCode, city, state) values (67418,"Barnard","KS");
INSERT INTO ZipLocation(zipCode, city, state) values (64423,"Barnard","MO");
INSERT INTO ZipLocation(zipCode, city, state) values (57426,"Barnard","SD");
INSERT INTO ZipLocation(zipCode, city, state) values (28709,"Barnardsville","NC");
INSERT INTO ZipLocation(zipCode, city, state) values (8005,"Barnegat","NJ");
INSERT INTO ZipLocation(zipCode, city, state) values (66933,"Barnes","KS");
INSERT INTO ZipLocation(zipCode, city, state) values (54873,"Barnes","WI");
INSERT INTO ZipLocation(zipCode, city, state) values (50027,"Barnes City","IA");
INSERT INTO ZipLocation(zipCode, city, state) values (15714,"Barnesboro","PA");
INSERT INTO ZipLocation(zipCode, city, state) values (30204,"Barnesville","GA");
INSERT INTO ZipLocation(zipCode, city, state) values (20838,"Barnesville","MD");
INSERT INTO ZipLocation(zipCode, city, state) values (18214,"Barnesville","PA");
INSERT INTO ZipLocation(zipCode, city, state) values (5821,"Barnet","VT");
INSERT INTO ZipLocation(zipCode, city, state) values (65011,"Barnett","MO");
INSERT INTO ZipLocation(zipCode, city, state) values (41256,"Barnetts Creek","KY");
INSERT INTO ZipLocation(zipCode, city, state) values (13304,"Barneveld","NY");
INSERT INTO ZipLocation(zipCode, city, state) values (53507,"Barneveld","WI");
INSERT INTO ZipLocation(zipCode, city, state) values (31625,"Barney","GA");
INSERT INTO ZipLocation(zipCode, city, state) values (58008,"Barney","ND");
INSERT INTO ZipLocation(zipCode, city, state) values (63012,"Barnhart","MO");
INSERT INTO ZipLocation(zipCode, city, state) values (76930,"Barnhart","TX");
INSERT INTO ZipLocation(zipCode, city, state) values (62809,"Barnhill","IL");
INSERT INTO ZipLocation(zipCode, city, state) values (74002,"Barnsdall","OK");
INSERT INTO ZipLocation(zipCode, city, state) values (2630,"Barnstable","MA");
INSERT INTO ZipLocation(zipCode, city, state) values (3218,"Barnstead","NH");
INSERT INTO ZipLocation(zipCode, city, state) values (50518,"Barnum","IA");
INSERT INTO ZipLocation(zipCode, city, state) values (55707,"Barnum","MN");
INSERT INTO ZipLocation(zipCode, city, state) values (75939,"Barnum","TX");
INSERT INTO ZipLocation(zipCode, city, state) values (29812,"Barnwell","SC");
INSERT INTO ZipLocation(zipCode, city, state) values (49101,"Baroda","MI");
INSERT INTO ZipLocation(zipCode, city, state) values (62674,"Barr","IL");
INSERT INTO ZipLocation(zipCode, city, state) values (1005,"Barre","MA");
INSERT INTO ZipLocation(zipCode, city, state) values (5641,"Barre","VT");
INSERT INTO ZipLocation(zipCode, city, state) values (16611,"Barree","PA");
INSERT INTO ZipLocation(zipCode, city, state) values (24313,"Barren Springs","VA");
INSERT INTO ZipLocation(zipCode, city, state) values (56311,"Barrett","MN");
INSERT INTO ZipLocation(zipCode, city, state) values (77532,"Barrett","TX");
INSERT INTO ZipLocation(zipCode, city, state) values (25013,"Barrett","WV");
INSERT INTO ZipLocation(zipCode, city, state) values (60010,"Barrington","IL");
INSERT INTO ZipLocation(zipCode, city, state) values (3825,"Barrington","NH");
INSERT INTO ZipLocation(zipCode, city, state) values (8007,"Barrington","NJ");
INSERT INTO ZipLocation(zipCode, city, state) values (2806,"Barrington","RI");
INSERT INTO ZipLocation(zipCode, city, state) values (54812,"Barron","WI");
INSERT INTO ZipLocation(zipCode, city, state) values (54813,"Barronett","WI");
INSERT INTO ZipLocation(zipCode, city, state) values (99723,"Barrow","AK");
INSERT INTO ZipLocation(zipCode, city, state) values (62312,"Barry","IL");
INSERT INTO ZipLocation(zipCode, city, state) values (56210,"Barry","MN");
INSERT INTO ZipLocation(zipCode, city, state) values (75102,"Barry","TX");
INSERT INTO ZipLocation(zipCode, city, state) values (49305,"Barryton","MI");
INSERT INTO ZipLocation(zipCode, city, state) values (12507,"Barrytown","NY");
INSERT INTO ZipLocation(zipCode, city, state) values (12719,"Barryville","NY");
INSERT INTO ZipLocation(zipCode, city, state) values (92311,"Barstow","CA");
INSERT INTO ZipLocation(zipCode, city, state) values (79719,"Barstow","TX");
INSERT INTO ZipLocation(zipCode, city, state) values (62218,"Bartelso","IL");
INSERT INTO ZipLocation(zipCode, city, state) values (74003,"Bartlesville","OK");
INSERT INTO ZipLocation(zipCode, city, state) values (67332,"Bartlett","KS");
INSERT INTO ZipLocation(zipCode, city, state) values (68622,"Bartlett","NE");
INSERT INTO ZipLocation(zipCode, city, state) values (3812,"Bartlett","NH");
INSERT INTO ZipLocation(zipCode, city, state) values (38134,"Bartlett","TN");
INSERT INTO ZipLocation(zipCode, city, state) values (76511,"Bartlett","TX");
INSERT INTO ZipLocation(zipCode, city, state) values (69020,"Bartley","NE");
INSERT INTO ZipLocation(zipCode, city, state) values (19504,"Barto","PA");
INSERT INTO ZipLocation(zipCode, city, state) values (21521,"Barton","MD");
INSERT INTO ZipLocation(zipCode, city, state) values (58315,"Barton","ND");
INSERT INTO ZipLocation(zipCode, city, state) values (13734,"Barton","NY");
INSERT INTO ZipLocation(zipCode, city, state) values (5822,"Barton","VT");
INSERT INTO ZipLocation(zipCode, city, state) values (48705,"Barton City","MI");
INSERT INTO ZipLocation(zipCode, city, state) values (18321,"Bartonsville","PA");
INSERT INTO ZipLocation(zipCode, city, state) values (61607,"Bartonville","IL");
INSERT INTO ZipLocation(zipCode, city, state) values (33830,"Bartow","FL");
INSERT INTO ZipLocation(zipCode, city, state) values (30413,"Bartow","GA");
INSERT INTO ZipLocation(zipCode, city, state) values (24920,"Bartow","WV");
INSERT INTO ZipLocation(zipCode, city, state) values (81621,"Basalt","CO");
INSERT INTO ZipLocation(zipCode, city, state) values (62313,"Basco","IL");
INSERT INTO ZipLocation(zipCode, city, state) values (32423,"Bascom","FL");
INSERT INTO ZipLocation(zipCode, city, state) values (66007,"Basehor","KS");
INSERT INTO ZipLocation(zipCode, city, state) values (70515,"Basile","LA");
INSERT INTO ZipLocation(zipCode, city, state) values (82410,"Basin","WY");
INSERT INTO ZipLocation(zipCode, city, state) values (34972,"Basinger","FL");
INSERT INTO ZipLocation(zipCode, city, state) values (23915,"Baskerville","VA");
INSERT INTO ZipLocation(zipCode, city, state) values (71219,"Baskin","LA");
INSERT INTO ZipLocation(zipCode, city, state) values (7920,"Basking Ridge","NJ");
INSERT INTO ZipLocation(zipCode, city, state) values (14013,"Basom","NY");
INSERT INTO ZipLocation(zipCode, city, state) values (72612,"Bass","AR");
INSERT INTO ZipLocation(zipCode, city, state) values (4653,"Bass Harbor","ME");
INSERT INTO ZipLocation(zipCode, city, state) values (93604,"Bass Lake","CA");
INSERT INTO ZipLocation(zipCode, city, state) values (2664,"Bass River","MA");
INSERT INTO ZipLocation(zipCode, city, state) values (72313,"Bassett","AR");
INSERT INTO ZipLocation(zipCode, city, state) values (91746,"Bassett","CA");
INSERT INTO ZipLocation(zipCode, city, state) values (68714,"Bassett","NE");
INSERT INTO ZipLocation(zipCode, city, state) values (24055,"Bassett","VA");
INSERT INTO ZipLocation(zipCode, city, state) values (39421,"Bassfield","MS");
INSERT INTO ZipLocation(zipCode, city, state) values (24314,"Bastian","VA");
INSERT INTO ZipLocation(zipCode, city, state) values (71220,"Bastrop","LA");
INSERT INTO ZipLocation(zipCode, city, state) values (78602,"Bastrop","TX");
INSERT INTO ZipLocation(zipCode, city, state) values (22810,"Basye","VA");
INSERT INTO ZipLocation(zipCode, city, state) values (52533,"Batavia","IA");
INSERT INTO ZipLocation(zipCode, city, state) values (60510,"Batavia","IL");
INSERT INTO ZipLocation(zipCode, city, state) values (14020,"Batavia","NY");
INSERT INTO ZipLocation(zipCode, city, state) values (45103,"Batavia","OH");
INSERT INTO ZipLocation(zipCode, city, state) values (70715,"Batchelor","LA");
INSERT INTO ZipLocation(zipCode, city, state) values (62006,"Batchtown","IL");
INSERT INTO ZipLocation(zipCode, city, state) values (72924,"Bates","AR");
INSERT INTO ZipLocation(zipCode, city, state) values (62670,"Bates","IL");
INSERT INTO ZipLocation(zipCode, city, state) values (64011,"Bates City","MO");
INSERT INTO ZipLocation(zipCode, city, state) values (29006,"Batesburg","SC");
INSERT INTO ZipLocation(zipCode, city, state) values (72501,"Batesville","AR");
INSERT INTO ZipLocation(zipCode, city, state) values (47006,"Batesville","IN");
INSERT INTO ZipLocation(zipCode, city, state) values (38606,"Batesville","MS");
INSERT INTO ZipLocation(zipCode, city, state) values (78829,"Batesville","TX");
INSERT INTO ZipLocation(zipCode, city, state) values (47010,"Bath","IN");
INSERT INTO ZipLocation(zipCode, city, state) values (4530,"Bath","ME");
INSERT INTO ZipLocation(zipCode, city, state) values (48808,"Bath","MI");
INSERT INTO ZipLocation(zipCode, city, state) values (27808,"Bath","NC");
INSERT INTO ZipLocation(zipCode, city, state) values (3740,"Bath","NH");
INSERT INTO ZipLocation(zipCode, city, state) values (18014,"Bath","PA");
INSERT INTO ZipLocation(zipCode, city, state) values (57427,"Bath","SD");
INSERT INTO ZipLocation(zipCode, city, state) values (38311,"Bath Springs","TN");
INSERT INTO ZipLocation(zipCode, city, state) values (58216,"Bathgate","ND");
INSERT INTO ZipLocation(zipCode, city, state) values (70801,"Baton Rouge","LA");
INSERT INTO ZipLocation(zipCode, city, state) values (77519,"Batson","TX");
INSERT INTO ZipLocation(zipCode, city, state) values (8037,"Batsto","NJ");
INSERT INTO ZipLocation(zipCode, city, state) values (51006,"Battle Creek","IA");
INSERT INTO ZipLocation(zipCode, city, state) values (49015,"Battle Creek","MI");
INSERT INTO ZipLocation(zipCode, city, state) values (68715,"Battle Creek","NE");
INSERT INTO ZipLocation(zipCode, city, state) values (47920,"Battle Ground","IN");
INSERT INTO ZipLocation(zipCode, city, state) values (98604,"Battle Ground","WA");
INSERT INTO ZipLocation(zipCode, city, state) values (56515,"Battle Lake","MN");
INSERT INTO ZipLocation(zipCode, city, state) values (89820,"Battle Mountain","NV");
INSERT INTO ZipLocation(zipCode, city, state) values (27809,"Battleboro","NC");
INSERT INTO ZipLocation(zipCode, city, state) values (81635,"Battlement Mesa","CO");
INSERT INTO ZipLocation(zipCode, city, state) values (40104,"Battletown","KY");
INSERT INTO ZipLocation(zipCode, city, state) values (58773,"Battleview","ND");
INSERT INTO ZipLocation(zipCode, city, state) values (56623,"Baudette","MN");
INSERT INTO ZipLocation(zipCode, city, state) values (72011,"Bauxite","AR");
INSERT INTO ZipLocation(zipCode, city, state) values (67401,"Bavaria","KS");
INSERT INTO ZipLocation(zipCode, city, state) values (23138,"Bavon","VA");
INSERT INTO ZipLocation(zipCode, city, state) values (31513,"Baxley","GA");
INSERT INTO ZipLocation(zipCode, city, state) values (50028,"Baxter","IA");
INSERT INTO ZipLocation(zipCode, city, state) values (40806,"Baxter","KY");
INSERT INTO ZipLocation(zipCode, city, state) values (38544,"Baxter","TN");
INSERT INTO ZipLocation(zipCode, city, state) values (26560,"Baxter","WV");
INSERT INTO ZipLocation(zipCode, city, state) values (66713,"Baxter Springs","KS");
INSERT INTO ZipLocation(zipCode, city, state) values (72411,"Bay","AR");
INSERT INTO ZipLocation(zipCode, city, state) values (65041,"Bay","MO");
INSERT INTO ZipLocation(zipCode, city, state) values (48708,"Bay City","MI");
INSERT INTO ZipLocation(zipCode, city, state) values (97107,"Bay City","OR");
INSERT INTO ZipLocation(zipCode, city, state) values (54723,"Bay City","WI");
INSERT INTO ZipLocation(zipCode, city, state) values (8742,"Bay Head","NJ");
INSERT INTO ZipLocation(zipCode, city, state) values (36507,"Bay Minette","AL");
INSERT INTO ZipLocation(zipCode, city, state) values (48720,"Bay Port","MI");
INSERT INTO ZipLocation(zipCode, city, state) values (39422,"Bay Springs","MS");
INSERT INTO ZipLocation(zipCode, city, state) values (49770,"Bay View","MI");
INSERT INTO ZipLocation(zipCode, city, state) values (53207,"Bay View","WI");
INSERT INTO ZipLocation(zipCode, city, state) values (44140,"Bay Village","OH");
INSERT INTO ZipLocation(zipCode, city, state) values (50029,"Bayard","IA");
INSERT INTO ZipLocation(zipCode, city, state) values (69334,"Bayard","NE");
INSERT INTO ZipLocation(zipCode, city, state) values (13090,"Bayberry","NY");
INSERT INTO ZipLocation(zipCode, city, state) values (28515,"Bayboro","NC");
INSERT INTO ZipLocation(zipCode, city, state) values (81122,"Bayfield","CO");
INSERT INTO ZipLocation(zipCode, city, state) values (54814,"Bayfield","WI");
INSERT INTO ZipLocation(zipCode, city, state) values (62314,"Baylis","IL");
INSERT INTO ZipLocation(zipCode, city, state) values (7002,"Bayonne","NJ");
INSERT INTO ZipLocation(zipCode, city, state) values (36509,"Bayou La Batre","AL");
INSERT INTO ZipLocation(zipCode, city, state) values (55003,"Bayport","MN");
INSERT INTO ZipLocation(zipCode, city, state) values (11705,"Bayport","NY");
INSERT INTO ZipLocation(zipCode, city, state) values (95524,"Bayside","CA");
INSERT INTO ZipLocation(zipCode, city, state) values (11360,"Bayside","NY");
INSERT INTO ZipLocation(zipCode, city, state) values (78340,"Bayside","TX");
INSERT INTO ZipLocation(zipCode, city, state) values (77520,"Baytown","TX");
INSERT INTO ZipLocation(zipCode, city, state) values (83803,"Bayview","ID");
INSERT INTO ZipLocation(zipCode, city, state) values (78566,"Bayview","TX");
INSERT INTO ZipLocation(zipCode, city, state) values (8721,"Bayville","NJ");
INSERT INTO ZipLocation(zipCode, city, state) values (11709,"Bayville","NY");
INSERT INTO ZipLocation(zipCode, city, state) values (67516,"Bazine","KS");
INSERT INTO ZipLocation(zipCode, city, state) values (58621,"Beach","ND");
INSERT INTO ZipLocation(zipCode, city, state) values (44608,"Beach City","OH");
INSERT INTO ZipLocation(zipCode, city, state) values (18405,"Beach Lake","PA");
INSERT INTO ZipLocation(zipCode, city, state) values (8722,"Beachwood","NJ");
INSERT INTO ZipLocation(zipCode, city, state) values (44122,"Beachwood","OH");
INSERT INTO ZipLocation(zipCode, city, state) values (52534,"Beacon","IA");
INSERT INTO ZipLocation(zipCode, city, state) values (12508,"Beacon","NY");
INSERT INTO ZipLocation(zipCode, city, state) values (6403,"Beacon Falls","CT");
INSERT INTO ZipLocation(zipCode, city, state) values (50030,"Beaconsfield","IA");
INSERT INTO ZipLocation(zipCode, city, state) values (20839,"Beallsville","MD");
INSERT INTO ZipLocation(zipCode, city, state) values (43716,"Beallsville","OH");
INSERT INTO ZipLocation(zipCode, city, state) values (15313,"Beallsville","PA");
INSERT INTO ZipLocation(zipCode, city, state) values (4611,"Beals","ME");
INSERT INTO ZipLocation(zipCode, city, state) values (50609,"Beaman","IA");
INSERT INTO ZipLocation(zipCode, city, state) values (37708,"Bean Station","TN");
INSERT INTO ZipLocation(zipCode, city, state) values (19701,"Bear","DE");
INSERT INTO ZipLocation(zipCode, city, state) values (41714,"Bear Branch","KY");
INSERT INTO ZipLocation(zipCode, city, state) values (35543,"Bear Creek","AL");
INSERT INTO ZipLocation(zipCode, city, state) values (27207,"Bear Creek","NC");
INSERT INTO ZipLocation(zipCode, city, state) values (98528,"Bear Creek","WA");
INSERT INTO ZipLocation(zipCode, city, state) values (54922,"Bear Creek","WI");
INSERT INTO ZipLocation(zipCode, city, state) values (49614,"Bear Lake","MI");
INSERT INTO ZipLocation(zipCode, city, state) values (16402,"Bear Lake","PA");
INSERT INTO ZipLocation(zipCode, city, state) values (10911,"Bear Mountain","NY");
INSERT INTO ZipLocation(zipCode, city, state) values (95223,"Bear Valley","CA");
INSERT INTO ZipLocation(zipCode, city, state) values (93561,"Bear Valley Spri","CA");
INSERT INTO ZipLocation(zipCode, city, state) values (59007,"Bearcreek","MT");
INSERT INTO ZipLocation(zipCode, city, state) values (71720,"Bearden","AR");
INSERT INTO ZipLocation(zipCode, city, state) values (74859,"Bearden","OK");
INSERT INTO ZipLocation(zipCode, city, state) values (56211,"Beardsley","MN");
INSERT INTO ZipLocation(zipCode, city, state) values (62618,"Beardstown","IL");
INSERT INTO ZipLocation(zipCode, city, state) values (62526,"Bearsdale","IL");
INSERT INTO ZipLocation(zipCode, city, state) values (41740,"Bearville","KY");
INSERT INTO ZipLocation(zipCode, city, state) values (77417,"Beasley","TX");
INSERT INTO ZipLocation(zipCode, city, state) values (62512,"Beason","IL");
INSERT INTO ZipLocation(zipCode, city, state) values (36425,"Beatrice","AL");
INSERT INTO ZipLocation(zipCode, city, state) values (68310,"Beatrice","NE");
INSERT INTO ZipLocation(zipCode, city, state) values (66406,"Beattie","KS");
INSERT INTO ZipLocation(zipCode, city, state) values (97621,"Beatty","OR");
INSERT INTO ZipLocation(zipCode, city, state) values (63013,"Beaufort","MO");
INSERT INTO ZipLocation(zipCode, city, state) values (28516,"Beaufort","NC");
INSERT INTO ZipLocation(zipCode, city, state) values (92223,"Beaumont","CA");
INSERT INTO ZipLocation(zipCode, city, state) values (67012,"Beaumont","KS");
INSERT INTO ZipLocation(zipCode, city, state) values (42124,"Beaumont","KY");
INSERT INTO ZipLocation(zipCode, city, state) values (39423,"Beaumont","MS");
INSERT INTO ZipLocation(zipCode, city, state) values (77701,"Beaumont","TX");
INSERT INTO ZipLocation(zipCode, city, state) values (98004,"Beaux Arts","WA");
INSERT INTO ZipLocation(zipCode, city, state) values (99724,"Beaver","AK");
INSERT INTO ZipLocation(zipCode, city, state) values (50031,"Beaver","IA");
INSERT INTO ZipLocation(zipCode, city, state) values (67517,"Beaver","KS");
INSERT INTO ZipLocation(zipCode, city, state) values (45613,"Beaver","OH");
INSERT INTO ZipLocation(zipCode, city, state) values (97108,"Beaver","OR");
INSERT INTO ZipLocation(zipCode, city, state) values (15009,"Beaver","PA");
INSERT INTO ZipLocation(zipCode, city, state) values (84713,"Beaver","UT");
INSERT INTO ZipLocation(zipCode, city, state) values (98305,"Beaver","WA");
INSERT INTO ZipLocation(zipCode, city, state) values (54114,"Beaver","WI");
INSERT INTO ZipLocation(zipCode, city, state) values (25813,"Beaver","WV");
INSERT INTO ZipLocation(zipCode, city, state) values (68926,"Beaver City","NE");
INSERT INTO ZipLocation(zipCode, city, state) values (56116,"Beaver Creek","MN");
INSERT INTO ZipLocation(zipCode, city, state) values (68313,"Beaver Crossing","NE");
INSERT INTO ZipLocation(zipCode, city, state) values (42320,"Beaver Dam","KY");
INSERT INTO ZipLocation(zipCode, city, state) values (53916,"Beaver Dam","WI");
INSERT INTO ZipLocation(zipCode, city, state) values (14812,"Beaver Dams","NY");
INSERT INTO ZipLocation(zipCode, city, state) values (49855,"Beaver Grove","MI");
INSERT INTO ZipLocation(zipCode, city, state) values (18216,"Beaver Meadows","PA");
INSERT INTO ZipLocation(zipCode, city, state) values (13367,"Beaver River","NY");
INSERT INTO ZipLocation(zipCode, city, state) values (17812,"Beaver Springs","PA");
INSERT INTO ZipLocation(zipCode, city, state) values (45430,"Beavercreek","OH");
INSERT INTO ZipLocation(zipCode, city, state) values (97004,"Beavercreek","OR");
INSERT INTO ZipLocation(zipCode, city, state) values (23015,"Beaverdam","VA");
INSERT INTO ZipLocation(zipCode, city, state) values (23016,"Beaverlett","VA");
INSERT INTO ZipLocation(zipCode, city, state) values (35544,"Beaverton","AL");
INSERT INTO ZipLocation(zipCode, city, state) values (48612,"Beaverton","MI");
INSERT INTO ZipLocation(zipCode, city, state) values (97005,"Beaverton","OR");
INSERT INTO ZipLocation(zipCode, city, state) values (17813,"Beavertown","PA");
INSERT INTO ZipLocation(zipCode, city, state) values (60912,"Beaverville","IL");
INSERT INTO ZipLocation(zipCode, city, state) values (78603,"Bebe","TX");
INSERT INTO ZipLocation(zipCode, city, state) values (16616,"Beccaria","PA");
INSERT INTO ZipLocation(zipCode, city, state) values (19505,"Bechtelsville","PA");
INSERT INTO ZipLocation(zipCode, city, state) values (55308,"Becker","MN");
INSERT INTO ZipLocation(zipCode, city, state) values (1223,"Becket","MA");
INSERT INTO ZipLocation(zipCode, city, state) values (25801,"Beckley","WV");
INSERT INTO ZipLocation(zipCode, city, state) values (75631,"Beckville","TX");
INSERT INTO ZipLocation(zipCode, city, state) values (50833,"Bedford","IA");
INSERT INTO ZipLocation(zipCode, city, state) values (47421,"Bedford","IN");
INSERT INTO ZipLocation(zipCode, city, state) values (40006,"Bedford","KY");
INSERT INTO ZipLocation(zipCode, city, state) values (1730,"Bedford","MA");
INSERT INTO ZipLocation(zipCode, city, state) values (3110,"Bedford","NH");
INSERT INTO ZipLocation(zipCode, city, state) values (10506,"Bedford","NY");
INSERT INTO ZipLocation(zipCode, city, state) values (44146,"Bedford","OH");
INSERT INTO ZipLocation(zipCode, city, state) values (15522,"Bedford","PA");
INSERT INTO ZipLocation(zipCode, city, state) values (76021,"Bedford","TX");
INSERT INTO ZipLocation(zipCode, city, state) values (24523,"Bedford","VA");
INSERT INTO ZipLocation(zipCode, city, state) values (83112,"Bedford","WY");
INSERT INTO ZipLocation(zipCode, city, state) values (10507,"Bedford Hills","NY");
INSERT INTO ZipLocation(zipCode, city, state) values (60638,"Bedford Park","IL");
INSERT INTO ZipLocation(zipCode, city, state) values (7921,"Bedminster","NJ");
INSERT INTO ZipLocation(zipCode, city, state) values (81411,"Bedrock","CO");
INSERT INTO ZipLocation(zipCode, city, state) values (68314,"Bee","NE");
INSERT INTO ZipLocation(zipCode, city, state) values (24217,"Bee","VA");
INSERT INTO ZipLocation(zipCode, city, state) values (72013,"Bee Branch","AR");
INSERT INTO ZipLocation(zipCode, city, state) values (76525,"Bee House","TX");
INSERT INTO ZipLocation(zipCode, city, state) values (42207,"Bee Spring","KY");
INSERT INTO ZipLocation(zipCode, city, state) values (72012,"Beebe","AR");
INSERT INTO ZipLocation(zipCode, city, state) values (3223,"Beebe River","NH");
INSERT INTO ZipLocation(zipCode, city, state) values (38313,"Beech Bluff","TN");
INSERT INTO ZipLocation(zipCode, city, state) values (42321,"Beech Creek","KY");
INSERT INTO ZipLocation(zipCode, city, state) values (16822,"Beech Creek","PA");
INSERT INTO ZipLocation(zipCode, city, state) values (72412,"Beech Grove","AR");
INSERT INTO ZipLocation(zipCode, city, state) values (46107,"Beech Grove","IN");
INSERT INTO ZipLocation(zipCode, city, state) values (29841,"Beech Island","SC");
INSERT INTO ZipLocation(zipCode, city, state) values (60401,"Beecher","IL");
INSERT INTO ZipLocation(zipCode, city, state) values (62414,"Beecher City","IL");
INSERT INTO ZipLocation(zipCode, city, state) values (5902,"Beecher Falls","VT");
INSERT INTO ZipLocation(zipCode, city, state) values (37018,"Beechgrove","TN");
INSERT INTO ZipLocation(zipCode, city, state) values (42323,"Beechmont","KY");
INSERT INTO ZipLocation(zipCode, city, state) values (72014,"Beedeville","AR");
INSERT INTO ZipLocation(zipCode, city, state) values (67518,"Beeler","KS");
INSERT INTO ZipLocation(zipCode, city, state) values (68716,"Beemer","NE");
INSERT INTO ZipLocation(zipCode, city, state) values (37305,"Beersheba Spring","TN");
INSERT INTO ZipLocation(zipCode, city, state) values (24714,"Beeson","WV");
INSERT INTO ZipLocation(zipCode, city, state) values (78102,"Beeville","TX");
INSERT INTO ZipLocation(zipCode, city, state) values (74421,"Beggs","OK");
INSERT INTO ZipLocation(zipCode, city, state) values (56516,"Bejou","MN");
INSERT INTO ZipLocation(zipCode, city, state) values (21014,"Bel Air","MD");
INSERT INTO ZipLocation(zipCode, city, state) values (67220,"Bel Aire","KS");
INSERT INTO ZipLocation(zipCode, city, state) values (20611,"Bel Alton","MD");
INSERT INTO ZipLocation(zipCode, city, state) values (21017,"Belcamp","MD");
INSERT INTO ZipLocation(zipCode, city, state) values (41513,"Belcher","KY");
INSERT INTO ZipLocation(zipCode, city, state) values (71004,"Belcher","LA");
INSERT INTO ZipLocation(zipCode, city, state) values (1007,"Belchertown","MA");
INSERT INTO ZipLocation(zipCode, city, state) values (58316,"Belcourt","ND");
INSERT INTO ZipLocation(zipCode, city, state) values (95915,"Belden","CA");
INSERT INTO ZipLocation(zipCode, city, state) values (38826,"Belden","MS");
INSERT INTO ZipLocation(zipCode, city, state) values (58784,"Belden","ND");
INSERT INTO ZipLocation(zipCode, city, state) values (68717,"Belden","NE");
INSERT INTO ZipLocation(zipCode, city, state) values (54003,"Beldenville","WI");
INSERT INTO ZipLocation(zipCode, city, state) values (48809,"Belding","MI");
INSERT INTO ZipLocation(zipCode, city, state) values (27009,"Belews Creek","NC");
INSERT INTO ZipLocation(zipCode, city, state) values (4915,"Belfast","ME");
INSERT INTO ZipLocation(zipCode, city, state) values (14711,"Belfast","NY");
INSERT INTO ZipLocation(zipCode, city, state) values (37019,"Belfast","TN");
INSERT INTO ZipLocation(zipCode, city, state) values (7718,"Belford","NJ");
INSERT INTO ZipLocation(zipCode, city, state) values (41514,"Belfry","KY");
INSERT INTO ZipLocation(zipCode, city, state) values (59008,"Belfry","MT");
INSERT INTO ZipLocation(zipCode, city, state) values (53004,"Belgium","WI");
INSERT INTO ZipLocation(zipCode, city, state) values (4917,"Belgrade","ME");
INSERT INTO ZipLocation(zipCode, city, state) values (56312,"Belgrade","MN");
INSERT INTO ZipLocation(zipCode, city, state) values (63622,"Belgrade","MO");
INSERT INTO ZipLocation(zipCode, city, state) values (59714,"Belgrade","MT");
INSERT INTO ZipLocation(zipCode, city, state) values (68623,"Belgrade","NE");
INSERT INTO ZipLocation(zipCode, city, state) values (4918,"Belgrade Lakes","ME");
INSERT INTO ZipLocation(zipCode, city, state) values (27810,"Belhaven","NC");
INSERT INTO ZipLocation(zipCode, city, state) values (26250,"Belington","WV");
INSERT INTO ZipLocation(zipCode, city, state) values (62908,"Belknap","IL");
INSERT INTO ZipLocation(zipCode, city, state) values (32619,"Bell","FL");
INSERT INTO ZipLocation(zipCode, city, state) values (37020,"Bell Buckle","TN");
INSERT INTO ZipLocation(zipCode, city, state) values (70630,"Bell City","LA");
INSERT INTO ZipLocation(zipCode, city, state) values (63735,"Bell City","MO");
INSERT INTO ZipLocation(zipCode, city, state) values (90201,"Bell Gardens","CA");
INSERT INTO ZipLocation(zipCode, city, state) values (88441,"Bell Ranch","NM");
INSERT INTO ZipLocation(zipCode, city, state) values (72714,"Bella Vista","AR");
INSERT INTO ZipLocation(zipCode, city, state) values (96008,"Bella Vista","CA");
INSERT INTO ZipLocation(zipCode, city, state) values (66952,"Bellaire","KS");
INSERT INTO ZipLocation(zipCode, city, state) values (49615,"Bellaire","MI");
INSERT INTO ZipLocation(zipCode, city, state) values (43906,"Bellaire","OH");
INSERT INTO ZipLocation(zipCode, city, state) values (77401,"Bellaire","TX");
INSERT INTO ZipLocation(zipCode, city, state) values (45305,"Bellbrook","OH");
INSERT INTO ZipLocation(zipCode, city, state) values (65013,"Belle","MO");
INSERT INTO ZipLocation(zipCode, city, state) values (43310,"Belle Center","OH");
INSERT INTO ZipLocation(zipCode, city, state) values (70037,"Belle Chasse","LA");
INSERT INTO ZipLocation(zipCode, city, state) values (59317,"Belle Creek","MT");
INSERT INTO ZipLocation(zipCode, city, state) values (57717,"Belle Fourche","SD");
INSERT INTO ZipLocation(zipCode, city, state) values (33430,"Belle Glade","FL");
INSERT INTO ZipLocation(zipCode, city, state) values (23306,"Belle Haven","VA");
INSERT INTO ZipLocation(zipCode, city, state) values (8502,"Belle Mead","NJ");
INSERT INTO ZipLocation(zipCode, city, state) values (52208,"Belle Plaine","IA");
INSERT INTO ZipLocation(zipCode, city, state) values (67013,"Belle Plaine","KS");
INSERT INTO ZipLocation(zipCode, city, state) values (56011,"Belle Plaine","MN");
INSERT INTO ZipLocation(zipCode, city, state) values (62810,"Belle Rive","IL");
INSERT INTO ZipLocation(zipCode, city, state) values (70341,"Belle Rose","LA");
INSERT INTO ZipLocation(zipCode, city, state) values (22307,"Belle View","VA");
INSERT INTO ZipLocation(zipCode, city, state) values (34635,"Belleair Beach","FL");
INSERT INTO ZipLocation(zipCode, city, state) values (34640,"Belleair Bluffs","FL");
INSERT INTO ZipLocation(zipCode, city, state) values (43311,"Bellefontaine","OH");
INSERT INTO ZipLocation(zipCode, city, state) values (11426,"Bellerose","NY");
INSERT INTO ZipLocation(zipCode, city, state) values (63623,"Belleview","MO");
INSERT INTO ZipLocation(zipCode, city, state) values (72824,"Belleville","AR");
INSERT INTO ZipLocation(zipCode, city, state) values (62220,"Belleville","IL");
INSERT INTO ZipLocation(zipCode, city, state) values (66935,"Belleville","KS");
INSERT INTO ZipLocation(zipCode, city, state) values (48111,"Belleville","MI");
INSERT INTO ZipLocation(zipCode, city, state) values (7109,"Belleville","NJ");
INSERT INTO ZipLocation(zipCode, city, state) values (13611,"Belleville","NY");
INSERT INTO ZipLocation(zipCode, city, state) values (17004,"Belleville","PA");
INSERT INTO ZipLocation(zipCode, city, state) values (53508,"Belleville","WI");
INSERT INTO ZipLocation(zipCode, city, state) values (26133,"Belleville","WV");
INSERT INTO ZipLocation(zipCode, city, state) values (52031,"Bellevue","IA");
INSERT INTO ZipLocation(zipCode, city, state) values (83313,"Bellevue","ID");
INSERT INTO ZipLocation(zipCode, city, state) values (41073,"Bellevue","KY");
INSERT INTO ZipLocation(zipCode, city, state) values (49021,"Bellevue","MI");
INSERT INTO ZipLocation(zipCode, city, state) values (68005,"Bellevue","NE");
INSERT INTO ZipLocation(zipCode, city, state) values (44811,"Bellevue","OH");
INSERT INTO ZipLocation(zipCode, city, state) values (15202,"Bellevue","PA");
INSERT INTO ZipLocation(zipCode, city, state) values (37221,"Bellevue","TN");
INSERT INTO ZipLocation(zipCode, city, state) values (76228,"Bellevue","TX");
INSERT INTO ZipLocation(zipCode, city, state) values (23227,"Bellevue","VA");
INSERT INTO ZipLocation(zipCode, city, state) values (98005,"Bellevue","WA");
INSERT INTO ZipLocation(zipCode, city, state) values (90706,"Bellflower","CA");
INSERT INTO ZipLocation(zipCode, city, state) values (61724,"Bellflower","IL");
INSERT INTO ZipLocation(zipCode, city, state) values (63333,"Bellflower","MO");
INSERT INTO ZipLocation(zipCode, city, state) values (2019,"Bellingham","MA");
INSERT INTO ZipLocation(zipCode, city, state) values (56212,"Bellingham","MN");
INSERT INTO ZipLocation(zipCode, city, state) values (98225,"Bellingham","WA");
INSERT INTO ZipLocation(zipCode, city, state) values (8031,"Bellmawr","NJ");
INSERT INTO ZipLocation(zipCode, city, state) values (76704,"Bellmead","TX");
INSERT INTO ZipLocation(zipCode, city, state) values (14415,"Bellona","NY");
INSERT INTO ZipLocation(zipCode, city, state) values (5101,"Bellows Falls","VT");
INSERT INTO ZipLocation(zipCode, city, state) values (11713,"Bellport","NY");
INSERT INTO ZipLocation(zipCode, city, state) values (38006,"Bells","TN");
INSERT INTO ZipLocation(zipCode, city, state) values (75414,"Bells","TX");
INSERT INTO ZipLocation(zipCode, city, state) values (44813,"Bellville","OH");
INSERT INTO ZipLocation(zipCode, city, state) values (77418,"Bellville","TX");
INSERT INTO ZipLocation(zipCode, city, state) values (80512,"Bellvue","CO");
INSERT INTO ZipLocation(zipCode, city, state) values (60104,"Bellwood","IL");
INSERT INTO ZipLocation(zipCode, city, state) values (68624,"Bellwood","NE");
INSERT INTO ZipLocation(zipCode, city, state) values (16617,"Bellwood","PA");
INSERT INTO ZipLocation(zipCode, city, state) values (50421,"Belmond","IA");
INSERT INTO ZipLocation(zipCode, city, state) values (94002,"Belmont","CA");
INSERT INTO ZipLocation(zipCode, city, state) values (67068,"Belmont","KS");
INSERT INTO ZipLocation(zipCode, city, state) values (71406,"Belmont","LA");
INSERT INTO ZipLocation(zipCode, city, state) values (2178,"Belmont","MA");
INSERT INTO ZipLocation(zipCode, city, state) values (49306,"Belmont","MI");
INSERT INTO ZipLocation(zipCode, city, state) values (38827,"Belmont","MS");
INSERT INTO ZipLocation(zipCode, city, state) values (28012,"Belmont","NC");
INSERT INTO ZipLocation(zipCode, city, state) values (3220,"Belmont","NH");
INSERT INTO ZipLocation(zipCode, city, state) values (14813,"Belmont","NY");
INSERT INTO ZipLocation(zipCode, city, state) values (43718,"Belmont","OH");
INSERT INTO ZipLocation(zipCode, city, state) values (5730,"Belmont","VT");
INSERT INTO ZipLocation(zipCode, city, state) values (53510,"Belmont","WI");
INSERT INTO ZipLocation(zipCode, city, state) values (44609,"Beloit","OH");
INSERT INTO ZipLocation(zipCode, city, state) values (67519,"Belpre","KS");
INSERT INTO ZipLocation(zipCode, city, state) values (45714,"Belpre","OH");
INSERT INTO ZipLocation(zipCode, city, state) values (59412,"Belt","MT");
INSERT INTO ZipLocation(zipCode, city, state) values (42324,"Belton","KY");
INSERT INTO ZipLocation(zipCode, city, state) values (64012,"Belton","MO");
INSERT INTO ZipLocation(zipCode, city, state) values (29627,"Belton","SC");
INSERT INTO ZipLocation(zipCode, city, state) values (76513,"Belton","TX");
INSERT INTO ZipLocation(zipCode, city, state) values (56517,"Beltrami","MN");
INSERT INTO ZipLocation(zipCode, city, state) values (20705,"Beltsville","MD");
INSERT INTO ZipLocation(zipCode, city, state) values (26656,"Belva","WV");
INSERT INTO ZipLocation(zipCode, city, state) values (94920,"Belvedere","CA");
INSERT INTO ZipLocation(zipCode, city, state) values (61008,"Belvidere","IL");
INSERT INTO ZipLocation(zipCode, city, state) values (27919,"Belvidere","NC");
INSERT INTO ZipLocation(zipCode, city, state) values (68315,"Belvidere","NE");
INSERT INTO ZipLocation(zipCode, city, state) values (7823,"Belvidere","NJ");
INSERT INTO ZipLocation(zipCode, city, state) values (57521,"Belvidere","SD");
INSERT INTO ZipLocation(zipCode, city, state) values (37306,"Belvidere","TN");
INSERT INTO ZipLocation(zipCode, city, state) values (56214,"Belview","MN");
INSERT INTO ZipLocation(zipCode, city, state) values (66407,"Belvue","KS");
INSERT INTO ZipLocation(zipCode, city, state) values (39038,"Belzoni","MS");
INSERT INTO ZipLocation(zipCode, city, state) values (61813,"Bement","IL");
INSERT INTO ZipLocation(zipCode, city, state) values (56601,"Bemidji","MN");
INSERT INTO ZipLocation(zipCode, city, state) values (57238,"Bemis","SD");
INSERT INTO ZipLocation(zipCode, city, state) values (31602,"Bemiss","GA");
INSERT INTO ZipLocation(zipCode, city, state) values (14712,"Bemus Point","NY");
INSERT INTO ZipLocation(zipCode, city, state) values (75415,"Ben Franklin","TX");
INSERT INTO ZipLocation(zipCode, city, state) values (95005,"Ben Lomond","CA");
INSERT INTO ZipLocation(zipCode, city, state) values (75754,"Ben Wheeler","TX");
INSERT INTO ZipLocation(zipCode, city, state) values (56626,"Bena","MN");
INSERT INTO ZipLocation(zipCode, city, state) values (76126,"Benbrook","TX");
INSERT INTO ZipLocation(zipCode, city, state) values (97701,"Bend","OR");
INSERT INTO ZipLocation(zipCode, city, state) values (76824,"Bend","TX");
INSERT INTO ZipLocation(zipCode, city, state) values (65433,"Bendavis","MO");
INSERT INTO ZipLocation(zipCode, city, state) values (66008,"Bendena","KS");
INSERT INTO ZipLocation(zipCode, city, state) values (66714,"Benedict","KS");
INSERT INTO ZipLocation(zipCode, city, state) values (58716,"Benedict","ND");
INSERT INTO ZipLocation(zipCode, city, state) values (68316,"Benedict","NE");
INSERT INTO ZipLocation(zipCode, city, state) values (4733,"Benedicta","ME");
INSERT INTO ZipLocation(zipCode, city, state) values (15821,"Benezett","PA");
INSERT INTO ZipLocation(zipCode, city, state) values (99105,"Benge","WA");
INSERT INTO ZipLocation(zipCode, city, state) values (40807,"Benham","KY");
INSERT INTO ZipLocation(zipCode, city, state) values (94510,"Benicia","CA");
INSERT INTO ZipLocation(zipCode, city, state) values (69021,"Benkelman","NE");
INSERT INTO ZipLocation(zipCode, city, state) values (62009,"Benld","IL");
INSERT INTO ZipLocation(zipCode, city, state) values (68317,"Bennet","NE");
INSERT INTO ZipLocation(zipCode, city, state) values (80102,"Bennett","CO");
INSERT INTO ZipLocation(zipCode, city, state) values (52721,"Bennett","IA");
INSERT INTO ZipLocation(zipCode, city, state) values (27208,"Bennett","NC");
INSERT INTO ZipLocation(zipCode, city, state) values (29512,"Bennettsville","SC");
INSERT INTO ZipLocation(zipCode, city, state) values (47011,"Bennington","IN");
INSERT INTO ZipLocation(zipCode, city, state) values (67422,"Bennington","KS");
INSERT INTO ZipLocation(zipCode, city, state) values (68007,"Bennington","NE");
INSERT INTO ZipLocation(zipCode, city, state) values (3442,"Bennington","NH");
INSERT INTO ZipLocation(zipCode, city, state) values (74723,"Bennington","OK");
INSERT INTO ZipLocation(zipCode, city, state) values (5201,"Bennington","VT");
INSERT INTO ZipLocation(zipCode, city, state) values (38725,"Benoit","MS");
INSERT INTO ZipLocation(zipCode, city, state) values (26135,"Bens Run","WV");
INSERT INTO ZipLocation(zipCode, city, state) values (19020,"Bensalem","PA");
INSERT INTO ZipLocation(zipCode, city, state) values (60106,"Bensenville","IL");
INSERT INTO ZipLocation(zipCode, city, state) values (85602,"Benson","AZ");
INSERT INTO ZipLocation(zipCode, city, state) values (61516,"Benson","IL");
INSERT INTO ZipLocation(zipCode, city, state) values (56215,"Benson","MN");
INSERT INTO ZipLocation(zipCode, city, state) values (27504,"Benson","NC");
INSERT INTO ZipLocation(zipCode, city, state) values (88314,"Bent","NM");
INSERT INTO ZipLocation(zipCode, city, state) values (24059,"Bent Mountain","VA");
INSERT INTO ZipLocation(zipCode, city, state) values (67016,"Bentley","KS");
INSERT INTO ZipLocation(zipCode, city, state) values (71407,"Bentley","LA");
INSERT INTO ZipLocation(zipCode, city, state) values (48613,"Bentley","MI");
INSERT INTO ZipLocation(zipCode, city, state) values (58562,"Bentley","ND");
INSERT INTO ZipLocation(zipCode, city, state) values (21120,"Bentley Springs","MD");
INSERT INTO ZipLocation(zipCode, city, state) values (15314,"Bentleyville","PA");
INSERT INTO ZipLocation(zipCode, city, state) values (36785,"Benton","AL");
INSERT INTO ZipLocation(zipCode, city, state) values (72015,"Benton","AR");
INSERT INTO ZipLocation(zipCode, city, state) values (93512,"Benton","CA");
INSERT INTO ZipLocation(zipCode, city, state) values (50835,"Benton","IA");
INSERT INTO ZipLocation(zipCode, city, state) values (62812,"Benton","IL");
INSERT INTO ZipLocation(zipCode, city, state) values (67017,"Benton","KS");
INSERT INTO ZipLocation(zipCode, city, state) values (42025,"Benton","KY");
INSERT INTO ZipLocation(zipCode, city, state) values (71006,"Benton","LA");
INSERT INTO ZipLocation(zipCode, city, state) values (63736,"Benton","MO");
INSERT INTO ZipLocation(zipCode, city, state) values (39039,"Benton","MS");
INSERT INTO ZipLocation(zipCode, city, state) values (17814,"Benton","PA");
INSERT INTO ZipLocation(zipCode, city, state) values (37307,"Benton","TN");
INSERT INTO ZipLocation(zipCode, city, state) values (53803,"Benton","WI");
INSERT INTO ZipLocation(zipCode, city, state) values (65232,"Benton City","MO");
INSERT INTO ZipLocation(zipCode, city, state) values (99320,"Benton City","WA");
INSERT INTO ZipLocation(zipCode, city, state) values (49022,"Benton Harbor","MI");
INSERT INTO ZipLocation(zipCode, city, state) values (4937,"Benton Station","ME");
INSERT INTO ZipLocation(zipCode, city, state) values (39040,"Bentonia","MS");
INSERT INTO ZipLocation(zipCode, city, state) values (72712,"Bentonville","AR");
INSERT INTO ZipLocation(zipCode, city, state) values (25018,"Bentree","WV");
INSERT INTO ZipLocation(zipCode, city, state) values (26031,"Benwood","WV");
INSERT INTO ZipLocation(zipCode, city, state) values (49616,"Benzonia","MI");
INSERT INTO ZipLocation(zipCode, city, state) values (89821,"Beowawe","NV");
INSERT INTO ZipLocation(zipCode, city, state) values (40403,"Berea","KY");
INSERT INTO ZipLocation(zipCode, city, state) values (44017,"Berea","OH");
INSERT INTO ZipLocation(zipCode, city, state) values (26327,"Berea","WV");
INSERT INTO ZipLocation(zipCode, city, state) values (57004,"Beresford","SD");
INSERT INTO ZipLocation(zipCode, city, state) values (58792,"Bergen","ND");
INSERT INTO ZipLocation(zipCode, city, state) values (14416,"Bergen","NY");
INSERT INTO ZipLocation(zipCode, city, state) values (7621,"Bergenfield","NJ");
INSERT INTO ZipLocation(zipCode, city, state) values (63014,"Berger","MO");
INSERT INTO ZipLocation(zipCode, city, state) values (78004,"Bergheim","TX");
INSERT INTO ZipLocation(zipCode, city, state) values (43908,"Bergholz","OH");
INSERT INTO ZipLocation(zipCode, city, state) values (49910,"Bergland","MI");
INSERT INTO ZipLocation(zipCode, city, state) values (22811,"Bergton","VA");
INSERT INTO ZipLocation(zipCode, city, state) values (94702,"Berkeley","CA");
INSERT INTO ZipLocation(zipCode, city, state) values (63134,"Berkeley","MO");
INSERT INTO ZipLocation(zipCode, city, state) values (7922,"Berkeley Heights","NJ");
INSERT INTO ZipLocation(zipCode, city, state) values (43504,"Berkey","OH");
INSERT INTO ZipLocation(zipCode, city, state) values (2779,"Berkley","MA");
INSERT INTO ZipLocation(zipCode, city, state) values (48072,"Berkley","MI");
INSERT INTO ZipLocation(zipCode, city, state) values (13736,"Berkshire","NY");
INSERT INTO ZipLocation(zipCode, city, state) values (6037,"Berlin","CT");
INSERT INTO ZipLocation(zipCode, city, state) values (1503,"Berlin","MA");
INSERT INTO ZipLocation(zipCode, city, state) values (21811,"Berlin","MD");
INSERT INTO ZipLocation(zipCode, city, state) values (48002,"Berlin","MI");
INSERT INTO ZipLocation(zipCode, city, state) values (58415,"Berlin","ND");
INSERT INTO ZipLocation(zipCode, city, state) values (3570,"Berlin","NH");
INSERT INTO ZipLocation(zipCode, city, state) values (8009,"Berlin","NJ");
INSERT INTO ZipLocation(zipCode, city, state) values (12022,"Berlin","NY");
INSERT INTO ZipLocation(zipCode, city, state) values (15530,"Berlin","PA");
INSERT INTO ZipLocation(zipCode, city, state) values (54923,"Berlin","WI");
INSERT INTO ZipLocation(zipCode, city, state) values (44401,"Berlin Center","OH");
INSERT INTO ZipLocation(zipCode, city, state) values (44814,"Berlin Heights","OH");
INSERT INTO ZipLocation(zipCode, city, state) values (83220,"Bern","ID");
INSERT INTO ZipLocation(zipCode, city, state) values (66408,"Bern","KS");
INSERT INTO ZipLocation(zipCode, city, state) values (87004,"Bernalillo","NM");
INSERT INTO ZipLocation(zipCode, city, state) values (52032,"Bernard","IA");
INSERT INTO ZipLocation(zipCode, city, state) values (4612,"Bernard","ME");
INSERT INTO ZipLocation(zipCode, city, state) values (7924,"Bernardsville","NJ");
INSERT INTO ZipLocation(zipCode, city, state) values (12023,"Berne","NY");
INSERT INTO ZipLocation(zipCode, city, state) values (13028,"Bernhards Bay","NY");
INSERT INTO ZipLocation(zipCode, city, state) values (71222,"Bernice","LA");
INSERT INTO ZipLocation(zipCode, city, state) values (74331,"Bernice","OK");
INSERT INTO ZipLocation(zipCode, city, state) values (63822,"Bernie","MO");
INSERT INTO ZipLocation(zipCode, city, state) values (19506,"Bernville","PA");
INSERT INTO ZipLocation(zipCode, city, state) values (55063,"Beroun","MN");
INSERT INTO ZipLocation(zipCode, city, state) values (49102,"Berrien Center","MI");
INSERT INTO ZipLocation(zipCode, city, state) values (49103,"Berrien Springs","MI");
INSERT INTO ZipLocation(zipCode, city, state) values (35546,"Berry","AL");
INSERT INTO ZipLocation(zipCode, city, state) values (62563,"Berry","IL");
INSERT INTO ZipLocation(zipCode, city, state) values (41003,"Berry","KY");
INSERT INTO ZipLocation(zipCode, city, state) values (95916,"Berry Creek","CA");
INSERT INTO ZipLocation(zipCode, city, state) values (65565,"Berryman","MO");
INSERT INTO ZipLocation(zipCode, city, state) values (17005,"Berrysburg","PA");
INSERT INTO ZipLocation(zipCode, city, state) values (66409,"Berryton","KS");
INSERT INTO ZipLocation(zipCode, city, state) values (72616,"Berryville","AR");
INSERT INTO ZipLocation(zipCode, city, state) values (22611,"Berryville","VA");
INSERT INTO ZipLocation(zipCode, city, state) values (56437,"Bertha","MN");
INSERT INTO ZipLocation(zipCode, city, state) values (80513,"Berthoud","CO");
INSERT INTO ZipLocation(zipCode, city, state) values (78605,"Bertram","TX");
INSERT INTO ZipLocation(zipCode, city, state) values (63823,"Bertrand","MO");
INSERT INTO ZipLocation(zipCode, city, state) values (68927,"Bertrand","NE");
INSERT INTO ZipLocation(zipCode, city, state) values (61417,"Berwick","IL");
INSERT INTO ZipLocation(zipCode, city, state) values (70342,"Berwick","LA");
INSERT INTO ZipLocation(zipCode, city, state) values (3901,"Berwick","ME");
INSERT INTO ZipLocation(zipCode, city, state) values (58788,"Berwick","ND");
INSERT INTO ZipLocation(zipCode, city, state) values (18603,"Berwick","PA");
INSERT INTO ZipLocation(zipCode, city, state) values (68819,"Berwyn","NE");
INSERT INTO ZipLocation(zipCode, city, state) values (19312,"Berwyn","PA");
INSERT INTO ZipLocation(zipCode, city, state) values (84714,"Beryl","UT");
INSERT INTO ZipLocation(zipCode, city, state) values (35020,"Bessemer","AL");
INSERT INTO ZipLocation(zipCode, city, state) values (49911,"Bessemer","MI");
INSERT INTO ZipLocation(zipCode, city, state) values (16112,"Bessemer","PA");
INSERT INTO ZipLocation(zipCode, city, state) values (28016,"Bessemer City","NC");
INSERT INTO ZipLocation(zipCode, city, state) values (73622,"Bessie","OK");
INSERT INTO ZipLocation(zipCode, city, state) values (76932,"Best","TX");
INSERT INTO ZipLocation(zipCode, city, state) values (62010,"Bethalto","IL");
INSERT INTO ZipLocation(zipCode, city, state) values (41465,"Bethanna","KY");
INSERT INTO ZipLocation(zipCode, city, state) values (6524,"Bethany","CT");
INSERT INTO ZipLocation(zipCode, city, state) values (61914,"Bethany","IL");
INSERT INTO ZipLocation(zipCode, city, state) values (71007,"Bethany","LA");
INSERT INTO ZipLocation(zipCode, city, state) values (64424,"Bethany","MO");
INSERT INTO ZipLocation(zipCode, city, state) values (73008,"Bethany","OK");
INSERT INTO ZipLocation(zipCode, city, state) values (26032,"Bethany","WV");
INSERT INTO ZipLocation(zipCode, city, state) values (19930,"Bethany Beach","DE");
INSERT INTO ZipLocation(zipCode, city, state) values (6801,"Bethel","CT");
INSERT INTO ZipLocation(zipCode, city, state) values (19931,"Bethel","DE");
INSERT INTO ZipLocation(zipCode, city, state) values (4217,"Bethel","ME");
INSERT INTO ZipLocation(zipCode, city, state) values (63434,"Bethel","MO");
INSERT INTO ZipLocation(zipCode, city, state) values (27812,"Bethel","NC");
INSERT INTO ZipLocation(zipCode, city, state) values (12720,"Bethel","NY");
INSERT INTO ZipLocation(zipCode, city, state) values (45106,"Bethel","OH");
INSERT INTO ZipLocation(zipCode, city, state) values (74724,"Bethel","OK");
INSERT INTO ZipLocation(zipCode, city, state) values (19507,"Bethel","PA");
INSERT INTO ZipLocation(zipCode, city, state) values (5032,"Bethel","VT");
INSERT INTO ZipLocation(zipCode, city, state) values (72764,"Bethel Heights","AR");
INSERT INTO ZipLocation(zipCode, city, state) values (15102,"Bethel Park","PA");
INSERT INTO ZipLocation(zipCode, city, state) values (38315,"Bethel Springs","TN");
INSERT INTO ZipLocation(zipCode, city, state) values (42516,"Bethelridge","KY");
INSERT INTO ZipLocation(zipCode, city, state) values (20814,"Bethesda","MD");
INSERT INTO ZipLocation(zipCode, city, state) values (43719,"Bethesda","OH");
INSERT INTO ZipLocation(zipCode, city, state) values (6751,"Bethlehem","CT");
INSERT INTO ZipLocation(zipCode, city, state) values (30620,"Bethlehem","GA");
INSERT INTO ZipLocation(zipCode, city, state) values (40007,"Bethlehem","KY");
INSERT INTO ZipLocation(zipCode, city, state) values (3574,"Bethlehem","NH");
INSERT INTO ZipLocation(zipCode, city, state) values (18015,"Bethlehem","PA");
INSERT INTO ZipLocation(zipCode, city, state) values (57708,"Bethlehem","SD");
INSERT INTO ZipLocation(zipCode, city, state) values (11714,"Bethpage","NY");
INSERT INTO ZipLocation(zipCode, city, state) values (37022,"Bethpage","TN");
INSERT INTO ZipLocation(zipCode, city, state) values (18964,"Bethton","PA");
INSERT INTO ZipLocation(zipCode, city, state) values (80805,"Bethune","CO");
INSERT INTO ZipLocation(zipCode, city, state) values (29009,"Bethune","SC");
INSERT INTO ZipLocation(zipCode, city, state) values (41605,"Betsy Layne","KY");
INSERT INTO ZipLocation(zipCode, city, state) values (52722,"Bettendorf","IA");
INSERT INTO ZipLocation(zipCode, city, state) values (21610,"Betterton","MD");
INSERT INTO ZipLocation(zipCode, city, state) values (99726,"Bettles Field","AK");
INSERT INTO ZipLocation(zipCode, city, state) values (81023,"Beulah","CO");
INSERT INTO ZipLocation(zipCode, city, state) values (49617,"Beulah","MI");
INSERT INTO ZipLocation(zipCode, city, state) values (65436,"Beulah","MO");
INSERT INTO ZipLocation(zipCode, city, state) values (38726,"Beulah","MS");
INSERT INTO ZipLocation(zipCode, city, state) values (58523,"Beulah","ND");
INSERT INTO ZipLocation(zipCode, city, state) values (82712,"Beulah","WY");
INSERT INTO ZipLocation(zipCode, city, state) values (28518,"Beulaville","NC");
INSERT INTO ZipLocation(zipCode, city, state) values (67423,"Beverly","KS");
INSERT INTO ZipLocation(zipCode, city, state) values (40913,"Beverly","KY");
INSERT INTO ZipLocation(zipCode, city, state) values (1915,"Beverly","MA");
INSERT INTO ZipLocation(zipCode, city, state) values (8010,"Beverly","NJ");
INSERT INTO ZipLocation(zipCode, city, state) values (45715,"Beverly","OH");
INSERT INTO ZipLocation(zipCode, city, state) values (99321,"Beverly","WA");
INSERT INTO ZipLocation(zipCode, city, state) values (26253,"Beverly","WV");
INSERT INTO ZipLocation(zipCode, city, state) values (90210,"Beverly Hills","CA");
INSERT INTO ZipLocation(zipCode, city, state) values (76711,"Beverly Hills","TX");
INSERT INTO ZipLocation(zipCode, city, state) values (63532,"Bevier","MO");
INSERT INTO ZipLocation(zipCode, city, state) values (50033,"Bevington","IA");
INSERT INTO ZipLocation(zipCode, city, state) values (41606,"Bevinsville","KY");
INSERT INTO ZipLocation(zipCode, city, state) values (72515,"Bexar","AR");
INSERT INTO ZipLocation(zipCode, city, state) values (43209,"Bexley","OH");
INSERT INTO ZipLocation(zipCode, city, state) values (62858,"Bible Grove","IL");
INSERT INTO ZipLocation(zipCode, city, state) values (99322,"Bickleton","WA");
INSERT INTO ZipLocation(zipCode, city, state) values (47512,"Bicknell","IN");
INSERT INTO ZipLocation(zipCode, city, state) values (4006,"Biddeford Pool","ME");
INSERT INTO ZipLocation(zipCode, city, state) values (59314,"Biddle","MT");
INSERT INTO ZipLocation(zipCode, city, state) values (45614,"Bidwell","OH");
INSERT INTO ZipLocation(zipCode, city, state) values (71008,"Bienville","LA");
INSERT INTO ZipLocation(zipCode, city, state) values (59910,"Big Arm","MT");
INSERT INTO ZipLocation(zipCode, city, state) values (96010,"Big Bar","CA");
INSERT INTO ZipLocation(zipCode, city, state) values (92314,"Big Bear City","CA");
INSERT INTO ZipLocation(zipCode, city, state) values (71318,"Big Bend","LA");
INSERT INTO ZipLocation(zipCode, city, state) values (53103,"Big Bend","WI");
INSERT INTO ZipLocation(zipCode, city, state) values (26136,"Big Bend","WV");
INSERT INTO ZipLocation(zipCode, city, state) values (79834,"Big Bend Nationa","TX");
INSERT INTO ZipLocation(zipCode, city, state) values (74332,"Big Cabin","OK");
INSERT INTO ZipLocation(zipCode, city, state) values (25302,"Big Chimney","WV");
INSERT INTO ZipLocation(zipCode, city, state) values (42712,"Big Clifty","KY");
INSERT INTO ZipLocation(zipCode, city, state) values (35763,"Big Cove","AL");
INSERT INTO ZipLocation(zipCode, city, state) values (17212,"Big Cove Tannery","PA");
INSERT INTO ZipLocation(zipCode, city, state) values (40914,"Big Creek","KY");
INSERT INTO ZipLocation(zipCode, city, state) values (38914,"Big Creek","MS");
INSERT INTO ZipLocation(zipCode, city, state) values (25505,"Big Creek","WV");
INSERT INTO ZipLocation(zipCode, city, state) values (56627,"Big Falls","MN");
INSERT INTO ZipLocation(zipCode, city, state) values (72617,"Big Flat","AR");
INSERT INTO ZipLocation(zipCode, city, state) values (14814,"Big Flats","NY");
INSERT INTO ZipLocation(zipCode, city, state) values (24526,"Big Island","VA");
INSERT INTO ZipLocation(zipCode, city, state) values (55309,"Big Lake","MN");
INSERT INTO ZipLocation(zipCode, city, state) values (40808,"Big Laurel","KY");
INSERT INTO ZipLocation(zipCode, city, state) values (25113,"Big Otter","WV");
INSERT INTO ZipLocation(zipCode, city, state) values (93513,"Big Pine","CA");
INSERT INTO ZipLocation(zipCode, city, state) values (33043,"Big Pine Key","FL");
INSERT INTO ZipLocation(zipCode, city, state) values (21711,"Big Pool","MD");
INSERT INTO ZipLocation(zipCode, city, state) values (44611,"Big Prairie","OH");
INSERT INTO ZipLocation(zipCode, city, state) values (49307,"Big Rapids","MI");
INSERT INTO ZipLocation(zipCode, city, state) values (92242,"Big River","CA");
INSERT INTO ZipLocation(zipCode, city, state) values (52745,"Big Rock","IA");
INSERT INTO ZipLocation(zipCode, city, state) values (60511,"Big Rock","IL");
INSERT INTO ZipLocation(zipCode, city, state) values (41777,"Big Rock","KY");
INSERT INTO ZipLocation(zipCode, city, state) values (37023,"Big Rock","TN");
INSERT INTO ZipLocation(zipCode, city, state) values (26561,"Big Run","WV");
INSERT INTO ZipLocation(zipCode, city, state) values (59520,"Big Sandy","MT");
INSERT INTO ZipLocation(zipCode, city, state) values (38221,"Big Sandy","TN");
INSERT INTO ZipLocation(zipCode, city, state) values (75755,"Big Sandy","TX");
INSERT INTO ZipLocation(zipCode, city, state) values (40106,"Big Spring","KY");
INSERT INTO ZipLocation(zipCode, city, state) values (21722,"Big Spring","MD");
INSERT INTO ZipLocation(zipCode, city, state) values (69122,"Big Springs","NE");
INSERT INTO ZipLocation(zipCode, city, state) values (57216,"Big Stone City","SD");
INSERT INTO ZipLocation(zipCode, city, state) values (24219,"Big Stone Gap","VA");
INSERT INTO ZipLocation(zipCode, city, state) values (93920,"Big Sur","CA");
INSERT INTO ZipLocation(zipCode, city, state) values (59011,"Big Timber","MT");
INSERT INTO ZipLocation(zipCode, city, state) values (84741,"Big Water","UT");
INSERT INTO ZipLocation(zipCode, city, state) values (78830,"Big Wells","TX");
INSERT INTO ZipLocation(zipCode, city, state) values (36510,"Bigbee","AL");
INSERT INTO ZipLocation(zipCode, city, state) values (72016,"Bigelow","AR");
INSERT INTO ZipLocation(zipCode, city, state) values (56117,"Bigelow","MN");
INSERT INTO ZipLocation(zipCode, city, state) values (64437,"Bigelow","MO");
INSERT INTO ZipLocation(zipCode, city, state) values (78005,"Bigfoot","TX");
INSERT INTO ZipLocation(zipCode, city, state) values (56628,"Bigfork","MN");
INSERT INTO ZipLocation(zipCode, city, state) values (72413,"Biggers","AR");
INSERT INTO ZipLocation(zipCode, city, state) values (95917,"Biggs","CA");
INSERT INTO ZipLocation(zipCode, city, state) values (62633,"Biggs","IL");
INSERT INTO ZipLocation(zipCode, city, state) values (41524,"Biggs","KY");
INSERT INTO ZipLocation(zipCode, city, state) values (61418,"Biggsville","IL");
INSERT INTO ZipLocation(zipCode, city, state) values (59010,"Bighorn","MT");
INSERT INTO ZipLocation(zipCode, city, state) values (17307,"Biglerville","PA");
INSERT INTO ZipLocation(zipCode, city, state) values (1821,"Billerica","MA");
INSERT INTO ZipLocation(zipCode, city, state) values (65610,"Billings","MO");
INSERT INTO ZipLocation(zipCode, city, state) values (59101,"Billings","MT");
INSERT INTO ZipLocation(zipCode, city, state) values (74630,"Billings","OK");
INSERT INTO ZipLocation(zipCode, city, state) values (59105,"Billings Heights","MT");
INSERT INTO ZipLocation(zipCode, city, state) values (36006,"Billingsley","AL");
INSERT INTO ZipLocation(zipCode, city, state) values (39530,"Biloxi","MS");
INSERT INTO ZipLocation(zipCode, city, state) values (25021,"Bim","WV");
INSERT INTO ZipLocation(zipCode, city, state) values (40915,"Bimble","KY");
INSERT INTO ZipLocation(zipCode, city, state) values (58416,"Binford","ND");
INSERT INTO ZipLocation(zipCode, city, state) values (73009,"Binger","OK");
INSERT INTO ZipLocation(zipCode, city, state) values (62011,"Bingham","IL");
INSERT INTO ZipLocation(zipCode, city, state) values (4920,"Bingham","ME");
INSERT INTO ZipLocation(zipCode, city, state) values (69335,"Bingham","NE");
INSERT INTO ZipLocation(zipCode, city, state) values (87815,"Bingham","NM");
INSERT INTO ZipLocation(zipCode, city, state) values (84006,"Bingham Canyon","UT");
INSERT INTO ZipLocation(zipCode, city, state) values (56118,"Bingham Lake","MN");
INSERT INTO ZipLocation(zipCode, city, state) values (13901,"Binghamton","NY");
INSERT INTO ZipLocation(zipCode, city, state) values (4613,"Birch Harbor","ME");
INSERT INTO ZipLocation(zipCode, city, state) values (4011,"Birch Island","ME");
INSERT INTO ZipLocation(zipCode, city, state) values (26610,"Birch River","WV");
INSERT INTO ZipLocation(zipCode, city, state) values (48415,"Birch Run","MI");
INSERT INTO ZipLocation(zipCode, city, state) values (65438,"Birch Tree","MO");
INSERT INTO ZipLocation(zipCode, city, state) values (56629,"Birchdale","MN");
INSERT INTO ZipLocation(zipCode, city, state) values (24220,"Birchleaf","VA");
INSERT INTO ZipLocation(zipCode, city, state) values (37308,"Birchwood","TN");
INSERT INTO ZipLocation(zipCode, city, state) values (54817,"Birchwood","WI");
INSERT INTO ZipLocation(zipCode, city, state) values (67731,"Bird City","KS");
INSERT INTO ZipLocation(zipCode, city, state) values (17505,"Bird In Hand","PA");
INSERT INTO ZipLocation(zipCode, city, state) values (55310,"Bird Island","MN");
INSERT INTO ZipLocation(zipCode, city, state) values (72314,"Birdeye","AR");
INSERT INTO ZipLocation(zipCode, city, state) values (62415,"Birds","IL");
INSERT INTO ZipLocation(zipCode, city, state) values (94512,"Birds Landing","CA");
INSERT INTO ZipLocation(zipCode, city, state) values (19508,"Birdsboro","PA");
INSERT INTO ZipLocation(zipCode, city, state) values (47513,"Birdseye","IN");
INSERT INTO ZipLocation(zipCode, city, state) values (23307,"Birdsnest","VA");
INSERT INTO ZipLocation(zipCode, city, state) values (35203,"Birmingham","AL");
INSERT INTO ZipLocation(zipCode, city, state) values (52535,"Birmingham","IA");
INSERT INTO ZipLocation(zipCode, city, state) values (48009,"Birmingham","MI");
INSERT INTO ZipLocation(zipCode, city, state) values (54414,"Birnamwood","WI");
INSERT INTO ZipLocation(zipCode, city, state) values (59012,"Birney","MT");
INSERT INTO ZipLocation(zipCode, city, state) values (85603,"Bisbee","AZ");
INSERT INTO ZipLocation(zipCode, city, state) values (58317,"Bisbee","ND");
INSERT INTO ZipLocation(zipCode, city, state) values (72017,"Biscoe","AR");
INSERT INTO ZipLocation(zipCode, city, state) values (27209,"Biscoe","NC");
INSERT INTO ZipLocation(zipCode, city, state) values (30621,"Bishop","GA");
INSERT INTO ZipLocation(zipCode, city, state) values (78343,"Bishop","TX");
INSERT INTO ZipLocation(zipCode, city, state) values (21813,"Bishopville","MD");
INSERT INTO ZipLocation(zipCode, city, state) values (29010,"Bishopville","SC");
INSERT INTO ZipLocation(zipCode, city, state) values (71929,"Bismarck","AR");
INSERT INTO ZipLocation(zipCode, city, state) values (61814,"Bismarck","IL");
INSERT INTO ZipLocation(zipCode, city, state) values (58501,"Bismarck","ND");
INSERT INTO ZipLocation(zipCode, city, state) values (67520,"Bison","KS");
INSERT INTO ZipLocation(zipCode, city, state) values (73720,"Bison","OK");
INSERT INTO ZipLocation(zipCode, city, state) values (57620,"Bison","SD");
INSERT INTO ZipLocation(zipCode, city, state) values (49309,"Bitely","MI");
INSERT INTO ZipLocation(zipCode, city, state) values (21522,"Bittinger","MD");
INSERT INTO ZipLocation(zipCode, city, state) values (21814,"Bivalve","MD");
INSERT INTO ZipLocation(zipCode, city, state) values (75555,"Bivins","TX");
INSERT INTO ZipLocation(zipCode, city, state) values (65439,"Bixby","MO");
INSERT INTO ZipLocation(zipCode, city, state) values (74008,"Bixby","OK");
INSERT INTO ZipLocation(zipCode, city, state) values (97412,"Blachly","OR");
INSERT INTO ZipLocation(zipCode, city, state) values (36314,"Black","AL");
INSERT INTO ZipLocation(zipCode, city, state) values (63625,"Black","MO");
INSERT INTO ZipLocation(zipCode, city, state) values (79035,"Black","TX");
INSERT INTO ZipLocation(zipCode, city, state) values (97759,"Black Butte Ranc","OR");
INSERT INTO ZipLocation(zipCode, city, state) values (14714,"Black Creek","NY");
INSERT INTO ZipLocation(zipCode, city, state) values (98010,"Black Diamond","WA");
INSERT INTO ZipLocation(zipCode, city, state) values (59414,"Black Eagle","MT");
INSERT INTO ZipLocation(zipCode, city, state) values (53515,"Black Earth","WI");
INSERT INTO ZipLocation(zipCode, city, state) values (80422,"Black Hawk","CO");
INSERT INTO ZipLocation(zipCode, city, state) values (57718,"Black Hawk","SD");
INSERT INTO ZipLocation(zipCode, city, state) values (15716,"Black Lick","PA");
INSERT INTO ZipLocation(zipCode, city, state) values (28711,"Black Mountain S","NC");
INSERT INTO ZipLocation(zipCode, city, state) values (72414,"Black Oak","AR");
INSERT INTO ZipLocation(zipCode, city, state) values (48721,"Black River","MI");
INSERT INTO ZipLocation(zipCode, city, state) values (13612,"Black River","NY");
INSERT INTO ZipLocation(zipCode, city, state) values (54615,"Black River Fall","WI");
INSERT INTO ZipLocation(zipCode, city, state) values (72415,"Black Rock","AR");
INSERT INTO ZipLocation(zipCode, city, state) values (65321,"Blackburn","MO");
INSERT INTO ZipLocation(zipCode, city, state) values (56630,"Blackduck","MN");
INSERT INTO ZipLocation(zipCode, city, state) values (83221,"Blackfoot","ID");
INSERT INTO ZipLocation(zipCode, city, state) values (43004,"Blacklick","OH");
INSERT INTO ZipLocation(zipCode, city, state) values (23950,"Blackridge","VA");
INSERT INTO ZipLocation(zipCode, city, state) values (31516,"Blackshear","GA");
INSERT INTO ZipLocation(zipCode, city, state) values (29014,"Blackstock","SC");
INSERT INTO ZipLocation(zipCode, city, state) values (61313,"Blackstone","IL");
INSERT INTO ZipLocation(zipCode, city, state) values (1504,"Blackstone","MA");
INSERT INTO ZipLocation(zipCode, city, state) values (23824,"Blackstone","VA");
INSERT INTO ZipLocation(zipCode, city, state) values (26521,"Blacksville","WV");
INSERT INTO ZipLocation(zipCode, city, state) values (29817,"Blackville","SC");
INSERT INTO ZipLocation(zipCode, city, state) values (65322,"Blackwater","MO");
INSERT INTO ZipLocation(zipCode, city, state) values (24221,"Blackwater","VA");
INSERT INTO ZipLocation(zipCode, city, state) values (23457,"Blackwater Bridg","VA");
INSERT INTO ZipLocation(zipCode, city, state) values (63626,"Blackwell","MO");
INSERT INTO ZipLocation(zipCode, city, state) values (74631,"Blackwell","OK");
INSERT INTO ZipLocation(zipCode, city, state) values (79506,"Blackwell","TX");
INSERT INTO ZipLocation(zipCode, city, state) values (68928,"Bladen","NE");
INSERT INTO ZipLocation(zipCode, city, state) values (28320,"Bladenboro","NC");
INSERT INTO ZipLocation(zipCode, city, state) values (20710,"Bladensburg","MD");
INSERT INTO ZipLocation(zipCode, city, state) values (17006,"Blain","PA");
INSERT INTO ZipLocation(zipCode, city, state) values (66549,"Blaine","KS");
INSERT INTO ZipLocation(zipCode, city, state) values (41124,"Blaine","KY");
INSERT INTO ZipLocation(zipCode, city, state) values (55434,"Blaine","MN");
INSERT INTO ZipLocation(zipCode, city, state) values (37709,"Blaine","TN");
INSERT INTO ZipLocation(zipCode, city, state) values (98230,"Blaine","WA");
INSERT INTO ZipLocation(zipCode, city, state) values (68008,"Blair","NE");
INSERT INTO ZipLocation(zipCode, city, state) values (73526,"Blair","OK");
INSERT INTO ZipLocation(zipCode, city, state) values (29015,"Blair","SC");
INSERT INTO ZipLocation(zipCode, city, state) values (54616,"Blair","WI");
INSERT INTO ZipLocation(zipCode, city, state) values (24527,"Blairs","VA");
INSERT INTO ZipLocation(zipCode, city, state) values (41472,"Blairs Mill","KY");
INSERT INTO ZipLocation(zipCode, city, state) values (17213,"Blairs Mills","PA");
INSERT INTO ZipLocation(zipCode, city, state) values (50034,"Blairsburg","IA");
INSERT INTO ZipLocation(zipCode, city, state) values (52209,"Blairstown","IA");
INSERT INTO ZipLocation(zipCode, city, state) values (64726,"Blairstown","MO");
INSERT INTO ZipLocation(zipCode, city, state) values (7825,"Blairstown","NJ");
INSERT INTO ZipLocation(zipCode, city, state) values (30512,"Blairsville","GA");
INSERT INTO ZipLocation(zipCode, city, state) values (15717,"Blairsville","PA");
INSERT INTO ZipLocation(zipCode, city, state) values (58718,"Blaisdell","ND");
INSERT INTO ZipLocation(zipCode, city, state) values (71931,"Blakely","AR");
INSERT INTO ZipLocation(zipCode, city, state) values (31723,"Blakely","GA");
INSERT INTO ZipLocation(zipCode, city, state) values (52536,"Blakesburg","IA");
INSERT INTO ZipLocation(zipCode, city, state) values (18610,"Blakeslee","PA");
INSERT INTO ZipLocation(zipCode, city, state) values (81123,"Blanca","CO");
INSERT INTO ZipLocation(zipCode, city, state) values (27212,"Blanch","NC");
INSERT INTO ZipLocation(zipCode, city, state) values (51630,"Blanchard","IA");
INSERT INTO ZipLocation(zipCode, city, state) values (83804,"Blanchard","ID");
INSERT INTO ZipLocation(zipCode, city, state) values (49310,"Blanchard","MI");
INSERT INTO ZipLocation(zipCode, city, state) values (58009,"Blanchard","ND");
INSERT INTO ZipLocation(zipCode, city, state) values (73010,"Blanchard","OK");
INSERT INTO ZipLocation(zipCode, city, state) values (53516,"Blanchardville","WI");
INSERT INTO ZipLocation(zipCode, city, state) values (45107,"Blanchester","OH");
INSERT INTO ZipLocation(zipCode, city, state) values (87412,"Blanco","NM");
INSERT INTO ZipLocation(zipCode, city, state) values (74528,"Blanco","OK");
INSERT INTO ZipLocation(zipCode, city, state) values (78606,"Blanco","TX");
INSERT INTO ZipLocation(zipCode, city, state) values (65014,"Bland","MO");
INSERT INTO ZipLocation(zipCode, city, state) values (24315,"Bland","VA");
INSERT INTO ZipLocation(zipCode, city, state) values (1008,"Blandford","MA");
INSERT INTO ZipLocation(zipCode, city, state) values (84511,"Blanding","UT");
INSERT INTO ZipLocation(zipCode, city, state) values (61420,"Blandinsville","IL");
INSERT INTO ZipLocation(zipCode, city, state) values (19510,"Blandon","PA");
INSERT INTO ZipLocation(zipCode, city, state) values (26328,"Blandville","WV");
INSERT INTO ZipLocation(zipCode, city, state) values (76432,"Blanket","TX");
INSERT INTO ZipLocation(zipCode, city, state) values (70717,"Blanks","LA");
INSERT INTO ZipLocation(zipCode, city, state) values (14219,"Blasdell","NY");
INSERT INTO ZipLocation(zipCode, city, state) values (10913,"Blauvelt","NY");
INSERT INTO ZipLocation(zipCode, city, state) values (15238,"Blawnox","PA");
INSERT INTO ZipLocation(zipCode, city, state) values (78931,"Bleiblerville","TX");
INSERT INTO ZipLocation(zipCode, city, state) values (51523,"Blencoe","IA");
INSERT INTO ZipLocation(zipCode, city, state) values (29516,"Blenheim","SC");
INSERT INTO ZipLocation(zipCode, city, state) values (77419,"Blessing","TX");
INSERT INTO ZipLocation(zipCode, city, state) values (71825,"Blevins","AR");
INSERT INTO ZipLocation(zipCode, city, state) values (83314,"Bliss","ID");
INSERT INTO ZipLocation(zipCode, city, state) values (14024,"Bliss","NY");
INSERT INTO ZipLocation(zipCode, city, state) values (49228,"Blissfield","MI");
INSERT INTO ZipLocation(zipCode, city, state) values (2807,"Block Island","RI");
INSERT INTO ZipLocation(zipCode, city, state) values (50836,"Blockton","IA");
INSERT INTO ZipLocation(zipCode, city, state) values (97326,"Blodgett","OR");
INSERT INTO ZipLocation(zipCode, city, state) values (67865,"Bloom","KS");
INSERT INTO ZipLocation(zipCode, city, state) values (54617,"Bloom City","WI");
INSERT INTO ZipLocation(zipCode, city, state) values (75556,"Bloomburg","TX");
INSERT INTO ZipLocation(zipCode, city, state) values (44817,"Bloomdale","OH");
INSERT INTO ZipLocation(zipCode, city, state) values (54724,"Bloomer","WI");
INSERT INTO ZipLocation(zipCode, city, state) values (26817,"Bloomery","WV");
INSERT INTO ZipLocation(zipCode, city, state) values (6002,"Bloomfield","CT");
INSERT INTO ZipLocation(zipCode, city, state) values (52537,"Bloomfield","IA");
INSERT INTO ZipLocation(zipCode, city, state) values (47424,"Bloomfield","IN");
INSERT INTO ZipLocation(zipCode, city, state) values (40008,"Bloomfield","KY");
INSERT INTO ZipLocation(zipCode, city, state) values (63825,"Bloomfield","MO");
INSERT INTO ZipLocation(zipCode, city, state) values (59315,"Bloomfield","MT");
INSERT INTO ZipLocation(zipCode, city, state) values (68718,"Bloomfield","NE");
INSERT INTO ZipLocation(zipCode, city, state) values (7003,"Bloomfield","NJ");
INSERT INTO ZipLocation(zipCode, city, state) values (87413,"Bloomfield","NM");
INSERT INTO ZipLocation(zipCode, city, state) values (14469,"Bloomfield","NY");
INSERT INTO ZipLocation(zipCode, city, state) values (15224,"Bloomfield","PA");
INSERT INTO ZipLocation(zipCode, city, state) values (48301,"Bloomfield Towns","MI");
INSERT INTO ZipLocation(zipCode, city, state) values (76626,"Blooming Grove","TX");
INSERT INTO ZipLocation(zipCode, city, state) values (55917,"Blooming Prairie","MN");
INSERT INTO ZipLocation(zipCode, city, state) values (12721,"Bloomingburg","NY");
INSERT INTO ZipLocation(zipCode, city, state) values (43106,"Bloomingburg","OH");
INSERT INTO ZipLocation(zipCode, city, state) values (31302,"Bloomingdale","GA");
INSERT INTO ZipLocation(zipCode, city, state) values (60108,"Bloomingdale","IL");
INSERT INTO ZipLocation(zipCode, city, state) values (47832,"Bloomingdale","IN");
INSERT INTO ZipLocation(zipCode, city, state) values (49026,"Bloomingdale","MI");
INSERT INTO ZipLocation(zipCode, city, state) values (7403,"Bloomingdale","NJ");
INSERT INTO ZipLocation(zipCode, city, state) values (12913,"Bloomingdale","NY");
INSERT INTO ZipLocation(zipCode, city, state) values (43910,"Bloomingdale","OH");
INSERT INTO ZipLocation(zipCode, city, state) values (37660,"Bloomingdale","TN");
INSERT INTO ZipLocation(zipCode, city, state) values (25024,"Bloomingrose","WV");
INSERT INTO ZipLocation(zipCode, city, state) values (92316,"Bloomington","CA");
INSERT INTO ZipLocation(zipCode, city, state) values (61701,"Bloomington","IL");
INSERT INTO ZipLocation(zipCode, city, state) values (47401,"Bloomington","IN");
INSERT INTO ZipLocation(zipCode, city, state) values (21523,"Bloomington","MD");
INSERT INTO ZipLocation(zipCode, city, state) values (55420,"Bloomington","MN");
INSERT INTO ZipLocation(zipCode, city, state) values (68929,"Bloomington","NE");
INSERT INTO ZipLocation(zipCode, city, state) values (12411,"Bloomington","NY");
INSERT INTO ZipLocation(zipCode, city, state) values (77951,"Bloomington","TX");
INSERT INTO ZipLocation(zipCode, city, state) values (53804,"Bloomington","WI");
INSERT INTO ZipLocation(zipCode, city, state) values (38545,"Bloomington Spri","TN");
INSERT INTO ZipLocation(zipCode, city, state) values (17815,"Bloomsburg","PA");
INSERT INTO ZipLocation(zipCode, city, state) values (8804,"Bloomsbury","NJ");
INSERT INTO ZipLocation(zipCode, city, state) values (63627,"Bloomsdale","MO");
INSERT INTO ZipLocation(zipCode, city, state) values (13739,"Bloomville","NY");
INSERT INTO ZipLocation(zipCode, city, state) values (44818,"Bloomville","OH");
INSERT INTO ZipLocation(zipCode, city, state) values (16912,"Blossburg","PA");
INSERT INTO ZipLocation(zipCode, city, state) values (75416,"Blossom","TX");
INSERT INTO ZipLocation(zipCode, city, state) values (13308,"Blossvale","NY");
INSERT INTO ZipLocation(zipCode, city, state) values (25025,"Blount","WV");
INSERT INTO ZipLocation(zipCode, city, state) values (27814,"Blounts Creek","NC");
INSERT INTO ZipLocation(zipCode, city, state) values (32424,"Blountstown","FL");
INSERT INTO ZipLocation(zipCode, city, state) values (35031,"Blountsville","AL");
INSERT INTO ZipLocation(zipCode, city, state) values (37617,"Blountville","TN");
INSERT INTO ZipLocation(zipCode, city, state) values (28605,"Blowing Rock","NC");
INSERT INTO ZipLocation(zipCode, city, state) values (23308,"Bloxom","VA");
INSERT INTO ZipLocation(zipCode, city, state) values (85922,"Blue","AZ");
INSERT INTO ZipLocation(zipCode, city, state) values (45616,"Blue Creek","OH");
INSERT INTO ZipLocation(zipCode, city, state) values (41719,"Blue Diamond","KY");
INSERT INTO ZipLocation(zipCode, city, state) values (56013,"Blue Earth","MN");
INSERT INTO ZipLocation(zipCode, city, state) values (65611,"Blue Eye","MO");
INSERT INTO ZipLocation(zipCode, city, state) values (52726,"Blue Grass","IA");
INSERT INTO ZipLocation(zipCode, city, state) values (24413,"Blue Grass","VA");
INSERT INTO ZipLocation(zipCode, city, state) values (4614,"Blue Hill","ME");
INSERT INTO ZipLocation(zipCode, city, state) values (68930,"Blue Hill","NE");
INSERT INTO ZipLocation(zipCode, city, state) values (4615,"Blue Hill Falls","ME");
INSERT INTO ZipLocation(zipCode, city, state) values (60406,"Blue Island","IL");
INSERT INTO ZipLocation(zipCode, city, state) values (95525,"Blue Lake","CA");
INSERT INTO ZipLocation(zipCode, city, state) values (62513,"Blue Mound","IL");
INSERT INTO ZipLocation(zipCode, city, state) values (66010,"Blue Mound","KS");
INSERT INTO ZipLocation(zipCode, city, state) values (53517,"Blue Mounds","WI");
INSERT INTO ZipLocation(zipCode, city, state) values (72826,"Blue Mountain","AR");
INSERT INTO ZipLocation(zipCode, city, state) values (38610,"Blue Mountain","MS");
INSERT INTO ZipLocation(zipCode, city, state) values (12812,"Blue Mountain La","NY");
INSERT INTO ZipLocation(zipCode, city, state) values (11715,"Blue Point","NY");
INSERT INTO ZipLocation(zipCode, city, state) values (66411,"Blue Rapids","KS");
INSERT INTO ZipLocation(zipCode, city, state) values (30513,"Blue Ridge","GA");
INSERT INTO ZipLocation(zipCode, city, state) values (75424,"Blue Ridge","TX");
INSERT INTO ZipLocation(zipCode, city, state) values (24064,"Blue Ridge","VA");
INSERT INTO ZipLocation(zipCode, city, state) values (17214,"Blue Ridge Summi","PA");
INSERT INTO ZipLocation(zipCode, city, state) values (41607,"Blue River","KY");
INSERT INTO ZipLocation(zipCode, city, state) values (53518,"Blue River","WI");
INSERT INTO ZipLocation(zipCode, city, state) values (43720,"Blue Rock","OH");
INSERT INTO ZipLocation(zipCode, city, state) values (64014,"Blue Springs","MO");
INSERT INTO ZipLocation(zipCode, city, state) values (38828,"Blue Springs","MS");
INSERT INTO ZipLocation(zipCode, city, state) values (68318,"Blue Springs","NE");
INSERT INTO ZipLocation(zipCode, city, state) values (84007,"Bluebell","UT");
INSERT INTO ZipLocation(zipCode, city, state) values (24605,"Bluefield","VA");
INSERT INTO ZipLocation(zipCode, city, state) values (74333,"Bluejacket","OK");
INSERT INTO ZipLocation(zipCode, city, state) values (22012,"Bluemont","VA");
INSERT INTO ZipLocation(zipCode, city, state) values (87005,"Bluewater","NM");
INSERT INTO ZipLocation(zipCode, city, state) values (24701,"Bluewell","WV");
INSERT INTO ZipLocation(zipCode, city, state) values (71722,"Bluff City","AR");
INSERT INTO ZipLocation(zipCode, city, state) values (67018,"Bluff City","KS");
INSERT INTO ZipLocation(zipCode, city, state) values (37618,"Bluff City","TN");
INSERT INTO ZipLocation(zipCode, city, state) values (76433,"Bluff Dale","TX");
INSERT INTO ZipLocation(zipCode, city, state) values (35226,"Bluff Park","AL");
INSERT INTO ZipLocation(zipCode, city, state) values (14478,"Bluff Point","NY");
INSERT INTO ZipLocation(zipCode, city, state) values (72827,"Bluffton","AR");
INSERT INTO ZipLocation(zipCode, city, state) values (31724,"Bluffton","GA");
INSERT INTO ZipLocation(zipCode, city, state) values (46714,"Bluffton","IN");
INSERT INTO ZipLocation(zipCode, city, state) values (56518,"Bluffton","MN");
INSERT INTO ZipLocation(zipCode, city, state) values (45817,"Bluffton","OH");
INSERT INTO ZipLocation(zipCode, city, state) values (29910,"Bluffton","SC");
INSERT INTO ZipLocation(zipCode, city, state) values (78607,"Bluffton","TX");
INSERT INTO ZipLocation(zipCode, city, state) values (62814,"Bluford","IL");
INSERT INTO ZipLocation(zipCode, city, state) values (76627,"Blum","TX");
INSERT INTO ZipLocation(zipCode, city, state) values (57522,"Blunt","SD");
INSERT INTO ZipLocation(zipCode, city, state) values (92272,"Blythe","CA");
INSERT INTO ZipLocation(zipCode, city, state) values (30805,"Blythe","GA");
INSERT INTO ZipLocation(zipCode, city, state) values (64426,"Blythedale","MO");
INSERT INTO ZipLocation(zipCode, city, state) values (72315,"Blytheville A F","AR");
INSERT INTO ZipLocation(zipCode, city, state) values (29016,"Blythewood","SC");
INSERT INTO ZipLocation(zipCode, city, state) values (16827,"Boalsburg","PA");
INSERT INTO ZipLocation(zipCode, city, state) values (44512,"Boardman","OH");
INSERT INTO ZipLocation(zipCode, city, state) values (97818,"Boardman","OR");
INSERT INTO ZipLocation(zipCode, city, state) values (35957,"Boaz","AL");
INSERT INTO ZipLocation(zipCode, city, state) values (42027,"Boaz","KY");
INSERT INTO ZipLocation(zipCode, city, state) values (25028,"Bob White","WV");
INSERT INTO ZipLocation(zipCode, city, state) values (33428,"Boca Raton","FL");
INSERT INTO ZipLocation(zipCode, city, state) values (56313,"Bock","MN");
INSERT INTO ZipLocation(zipCode, city, state) values (50519,"Bode","IA");
INSERT INTO ZipLocation(zipCode, city, state) values (94922,"Bodega","CA");
INSERT INTO ZipLocation(zipCode, city, state) values (94923,"Bodega Bay","CA");
INSERT INTO ZipLocation(zipCode, city, state) values (93205,"Bodfish","CA");
INSERT INTO ZipLocation(zipCode, city, state) values (68820,"Boelus","NE");
INSERT INTO ZipLocation(zipCode, city, state) values (70427,"Bogalusa","LA");
INSERT INTO ZipLocation(zipCode, city, state) values (64622,"Bogard","MO");
INSERT INTO ZipLocation(zipCode, city, state) values (30622,"Bogart","GA");
INSERT INTO ZipLocation(zipCode, city, state) values (75417,"Bogata","TX");
INSERT INTO ZipLocation(zipCode, city, state) values (28092,"Boger City","NC");
INSERT INTO ZipLocation(zipCode, city, state) values (26299,"Boggs","WV");
INSERT INTO ZipLocation(zipCode, city, state) values (46110,"Boggstown","IN");
INSERT INTO ZipLocation(zipCode, city, state) values (7603,"Bogota","NJ");
INSERT INTO ZipLocation(zipCode, city, state) values (67625,"Bogue","KS");
INSERT INTO ZipLocation(zipCode, city, state) values (39629,"Bogue Chitto","MS");
INSERT INTO ZipLocation(zipCode, city, state) values (23021,"Bohannon","VA");
INSERT INTO ZipLocation(zipCode, city, state) values (11716,"Bohemia","NY");
INSERT INTO ZipLocation(zipCode, city, state) values (12412,"Boiceville","NY");
INSERT INTO ZipLocation(zipCode, city, state) values (28461,"Boiling Spring L","NC");
INSERT INTO ZipLocation(zipCode, city, state) values (17007,"Boiling Springs","PA");
INSERT INTO ZipLocation(zipCode, city, state) values (65612,"Bois D Arc","MO");
INSERT INTO ZipLocation(zipCode, city, state) values (83702,"Boise","ID");
INSERT INTO ZipLocation(zipCode, city, state) values (73933,"Boise City","OK");
INSERT INTO ZipLocation(zipCode, city, state) values (74726,"Bokchito","OK");
INSERT INTO ZipLocation(zipCode, city, state) values (33922,"Bokeelia","FL");
INSERT INTO ZipLocation(zipCode, city, state) values (74930,"Bokoshe","OK");
INSERT INTO ZipLocation(zipCode, city, state) values (26288,"Bolair","WV");
INSERT INTO ZipLocation(zipCode, city, state) values (24484,"Bolar","VA");
INSERT INTO ZipLocation(zipCode, city, state) values (64427,"Bolckow","MO");
INSERT INTO ZipLocation(zipCode, city, state) values (72926,"Boles","AR");
INSERT INTO ZipLocation(zipCode, city, state) values (74829,"Boley","OK");
INSERT INTO ZipLocation(zipCode, city, state) values (35443,"Boligee","AL");
INSERT INTO ZipLocation(zipCode, city, state) values (94924,"Bolinas","CA");
INSERT INTO ZipLocation(zipCode, city, state) values (77420,"Boling","TX");
INSERT INTO ZipLocation(zipCode, city, state) values (60440,"Bolingbrook","IL");
INSERT INTO ZipLocation(zipCode, city, state) values (65613,"Bolivar","MO");
INSERT INTO ZipLocation(zipCode, city, state) values (14715,"Bolivar","NY");
INSERT INTO ZipLocation(zipCode, city, state) values (44612,"Bolivar","OH");
INSERT INTO ZipLocation(zipCode, city, state) values (15923,"Bolivar","PA");
INSERT INTO ZipLocation(zipCode, city, state) values (38008,"Bolivar","TN");
INSERT INTO ZipLocation(zipCode, city, state) values (62545,"Bolivia","IL");
INSERT INTO ZipLocation(zipCode, city, state) values (28422,"Bolivia","NC");
INSERT INTO ZipLocation(zipCode, city, state) values (25817,"Bolt","WV");
INSERT INTO ZipLocation(zipCode, city, state) values (6043,"Bolton","CT");
INSERT INTO ZipLocation(zipCode, city, state) values (1740,"Bolton","MA");
INSERT INTO ZipLocation(zipCode, city, state) values (39041,"Bolton","MS");
INSERT INTO ZipLocation(zipCode, city, state) values (28423,"Bolton","NC");
INSERT INTO ZipLocation(zipCode, city, state) values (12814,"Bolton Landing","NY");
INSERT INTO ZipLocation(zipCode, city, state) values (5477,"Bolton Valley","VT");
INSERT INTO ZipLocation(zipCode, city, state) values (12914,"Bombay","NY");
INSERT INTO ZipLocation(zipCode, city, state) values (25030,"Bomont","WV");
INSERT INTO ZipLocation(zipCode, city, state) values (23235,"Bon Air","VA");
INSERT INTO ZipLocation(zipCode, city, state) values (16001,"Bon Aire","PA");
INSERT INTO ZipLocation(zipCode, city, state) values (75956,"Bon Ami","TX");
INSERT INTO ZipLocation(zipCode, city, state) values (37025,"Bon Aqua","TN");
INSERT INTO ZipLocation(zipCode, city, state) values (36511,"Bon Secour","AL");
INSERT INTO ZipLocation(zipCode, city, state) values (75928,"Bon Wier","TX");
INSERT INTO ZipLocation(zipCode, city, state) values (31005,"Bonaire","GA");
INSERT INTO ZipLocation(zipCode, city, state) values (97623,"Bonanza","OR");
INSERT INTO ZipLocation(zipCode, city, state) values (76692,"Bonanza","TX");
INSERT INTO ZipLocation(zipCode, city, state) values (52620,"Bonaparte","IA");
INSERT INTO ZipLocation(zipCode, city, state) values (80423,"Bond","CO");
INSERT INTO ZipLocation(zipCode, city, state) values (50035,"Bondurant","IA");
INSERT INTO ZipLocation(zipCode, city, state) values (82922,"Bondurant","WY");
INSERT INTO ZipLocation(zipCode, city, state) values (40372,"Bondville","KY");
INSERT INTO ZipLocation(zipCode, city, state) values (5340,"Bondville","VT");
INSERT INTO ZipLocation(zipCode, city, state) values (38581,"Bone Cave","TN");
INSERT INTO ZipLocation(zipCode, city, state) values (62815,"Bone Gap","IL");
INSERT INTO ZipLocation(zipCode, city, state) values (57317,"Bonesteel","SD");
INSERT INTO ZipLocation(zipCode, city, state) values (58801,"Bonetraill","ND");
INSERT INTO ZipLocation(zipCode, city, state) values (60913,"Bonfield","IL");
INSERT INTO ZipLocation(zipCode, city, state) values (75418,"Bonham","TX");
INSERT INTO ZipLocation(zipCode, city, state) values (32425,"Bonifay","FL");
INSERT INTO ZipLocation(zipCode, city, state) values (91902,"Bonita","CA");
INSERT INTO ZipLocation(zipCode, city, state) values (71223,"Bonita","LA");
INSERT INTO ZipLocation(zipCode, city, state) values (33923,"Bonita Springs","FL");
INSERT INTO ZipLocation(zipCode, city, state) values (63628,"Bonne Terre","MO");
INSERT INTO ZipLocation(zipCode, city, state) values (29431,"Bonneau","SC");
INSERT INTO ZipLocation(zipCode, city, state) values (59823,"Bonner","MT");
INSERT INTO ZipLocation(zipCode, city, state) values (71933,"Bonnerdale","AR");
INSERT INTO ZipLocation(zipCode, city, state) values (83805,"Bonners Ferry","ID");
INSERT INTO ZipLocation(zipCode, city, state) values (97014,"Bonneville","OR");
INSERT INTO ZipLocation(zipCode, city, state) values (98390,"Bonney Lake","WA");
INSERT INTO ZipLocation(zipCode, city, state) values (62816,"Bonnie","IL");
INSERT INTO ZipLocation(zipCode, city, state) values (28303,"Bonnie Doone","NC");
INSERT INTO ZipLocation(zipCode, city, state) values (42713,"Bonnieville","KY");
INSERT INTO ZipLocation(zipCode, city, state) values (65016,"Bonnots Mill","MO");
INSERT INTO ZipLocation(zipCode, city, state) values (72416,"Bono","AR");
INSERT INTO ZipLocation(zipCode, city, state) values (43445,"Bono","OH");
INSERT INTO ZipLocation(zipCode, city, state) values (92003,"Bonsall","CA");
INSERT INTO ZipLocation(zipCode, city, state) values (62514,"Boody","IL");
INSERT INTO ZipLocation(zipCode, city, state) values (79005,"Booker","TX");
INSERT INTO ZipLocation(zipCode, city, state) values (28606,"Boomer","NC");
INSERT INTO ZipLocation(zipCode, city, state) values (49618,"Boon","MI");
INSERT INTO ZipLocation(zipCode, city, state) values (81025,"Boone","CO");
INSERT INTO ZipLocation(zipCode, city, state) values (50036,"Boone","IA");
INSERT INTO ZipLocation(zipCode, city, state) values (28607,"Boone","NC");
INSERT INTO ZipLocation(zipCode, city, state) values (24065,"Boones Mill","VA");
INSERT INTO ZipLocation(zipCode, city, state) values (22935,"Boonesville","VA");
INSERT INTO ZipLocation(zipCode, city, state) values (72927,"Booneville","AR");
INSERT INTO ZipLocation(zipCode, city, state) values (50038,"Booneville","IA");
INSERT INTO ZipLocation(zipCode, city, state) values (38829,"Booneville","MS");
INSERT INTO ZipLocation(zipCode, city, state) values (41204,"Boons Camp","KY");
INSERT INTO ZipLocation(zipCode, city, state) values (7005,"Boonton","NJ");
INSERT INTO ZipLocation(zipCode, city, state) values (95415,"Boonville","CA");
INSERT INTO ZipLocation(zipCode, city, state) values (47601,"Boonville","IN");
INSERT INTO ZipLocation(zipCode, city, state) values (65233,"Boonville","MO");
INSERT INTO ZipLocation(zipCode, city, state) values (27011,"Boonville","NC");
INSERT INTO ZipLocation(zipCode, city, state) values (13309,"Boonville","NY");
INSERT INTO ZipLocation(zipCode, city, state) values (4537,"Boothbay","ME");
INSERT INTO ZipLocation(zipCode, city, state) values (19061,"Boothwyn","PA");
INSERT INTO ZipLocation(zipCode, city, state) values (47106,"Borden","IN");
INSERT INTO ZipLocation(zipCode, city, state) values (8505,"Bordentown","NJ");
INSERT INTO ZipLocation(zipCode, city, state) values (99780,"Border","AK");
INSERT INTO ZipLocation(zipCode, city, state) values (58421,"Bordulac","ND");
INSERT INTO ZipLocation(zipCode, city, state) values (97009,"Boring","OR");
INSERT INTO ZipLocation(zipCode, city, state) values (93516,"Boron","CA");
INSERT INTO ZipLocation(zipCode, city, state) values (92004,"Borrego Springs","CA");
INSERT INTO ZipLocation(zipCode, city, state) values (56519,"Borup","MN");
INSERT INTO ZipLocation(zipCode, city, state) values (3303,"Boscawen","NH");
INSERT INTO ZipLocation(zipCode, city, state) values (53805,"Boscobel","WI");
INSERT INTO ZipLocation(zipCode, city, state) values (87006,"Bosque","NM");
INSERT INTO ZipLocation(zipCode, city, state) values (87068,"Bosque Farms","NM");
INSERT INTO ZipLocation(zipCode, city, state) values (65440,"Boss","MO");
INSERT INTO ZipLocation(zipCode, city, state) values (71111,"Bossier City","LA");
INSERT INTO ZipLocation(zipCode, city, state) values (28018,"Bostic","NC");
INSERT INTO ZipLocation(zipCode, city, state) values (31626,"Boston","GA");
INSERT INTO ZipLocation(zipCode, city, state) values (40107,"Boston","KY");
INSERT INTO ZipLocation(zipCode, city, state) values (2108,"Boston","MA");
INSERT INTO ZipLocation(zipCode, city, state) values (14025,"Boston","NY");
INSERT INTO ZipLocation(zipCode, city, state) values (15135,"Boston","PA");
INSERT INTO ZipLocation(zipCode, city, state) values (75570,"Boston","TX");
INSERT INTO ZipLocation(zipCode, city, state) values (22713,"Boston","VA");
INSERT INTO ZipLocation(zipCode, city, state) values (2167,"Boston College","MA");
INSERT INTO ZipLocation(zipCode, city, state) values (72516,"Boswell","AR");
INSERT INTO ZipLocation(zipCode, city, state) values (47921,"Boswell","IN");
INSERT INTO ZipLocation(zipCode, city, state) values (74727,"Boswell","OK");
INSERT INTO ZipLocation(zipCode, city, state) values (15531,"Boswell","PA");
INSERT INTO ZipLocation(zipCode, city, state) values (64623,"Bosworth","MO");
INSERT INTO ZipLocation(zipCode, city, state) values (98011,"Bothell","WA");
INSERT INTO ZipLocation(zipCode, city, state) values (45306,"Botkins","OH");
INSERT INTO ZipLocation(zipCode, city, state) values (58318,"Bottineau","ND");
INSERT INTO ZipLocation(zipCode, city, state) values (13310,"Bouckville","NY");
INSERT INTO ZipLocation(zipCode, city, state) values (80301,"Boulder","CO");
INSERT INTO ZipLocation(zipCode, city, state) values (59632,"Boulder","MT");
INSERT INTO ZipLocation(zipCode, city, state) values (84716,"Boulder","UT");
INSERT INTO ZipLocation(zipCode, city, state) values (82923,"Boulder","WY");
INSERT INTO ZipLocation(zipCode, city, state) values (89005,"Boulder City","NV");
INSERT INTO ZipLocation(zipCode, city, state) values (95006,"Boulder Creek","CA");
INSERT INTO ZipLocation(zipCode, city, state) values (54512,"Boulder Junction","WI");
INSERT INTO ZipLocation(zipCode, city, state) values (91905,"Boulevard","CA");
INSERT INTO ZipLocation(zipCode, city, state) values (8805,"Bound Brook","NJ");
INSERT INTO ZipLocation(zipCode, city, state) values (84010,"Bountiful","UT");
INSERT INTO ZipLocation(zipCode, city, state) values (46504,"Bourbon","IN");
INSERT INTO ZipLocation(zipCode, city, state) values (65441,"Bourbon","MO");
INSERT INTO ZipLocation(zipCode, city, state) values (60914,"Bourbonnais","IL");
INSERT INTO ZipLocation(zipCode, city, state) values (70343,"Bourg","LA");
INSERT INTO ZipLocation(zipCode, city, state) values (50039,"Bouton","IA");
INSERT INTO ZipLocation(zipCode, city, state) values (70039,"Boutte","LA");
INSERT INTO ZipLocation(zipCode, city, state) values (55709,"Bovey","MN");
INSERT INTO ZipLocation(zipCode, city, state) values (79009,"Bovina","TX");
INSERT INTO ZipLocation(zipCode, city, state) values (13740,"Bovina Center","NY");
INSERT INTO ZipLocation(zipCode, city, state) values (42714,"Bow","KY");
INSERT INTO ZipLocation(zipCode, city, state) values (3304,"Bow","NH");
INSERT INTO ZipLocation(zipCode, city, state) values (98232,"Bow","WA");
INSERT INTO ZipLocation(zipCode, city, state) values (80123,"Bow Mar","CO");
INSERT INTO ZipLocation(zipCode, city, state) values (28398,"Bowdens","NC");
INSERT INTO ZipLocation(zipCode, city, state) values (57428,"Bowdle","SD");
INSERT INTO ZipLocation(zipCode, city, state) values (4008,"Bowdoinham","ME");
INSERT INTO ZipLocation(zipCode, city, state) values (30108,"Bowdon","GA");
INSERT INTO ZipLocation(zipCode, city, state) values (58418,"Bowdon","ND");
INSERT INTO ZipLocation(zipCode, city, state) values (62316,"Bowen","IL");
INSERT INTO ZipLocation(zipCode, city, state) values (23321,"Bowers Hill","VA");
INSERT INTO ZipLocation(zipCode, city, state) values (44695,"Bowerston","OH");
INSERT INTO ZipLocation(zipCode, city, state) values (30516,"Bowersville","GA");
INSERT INTO ZipLocation(zipCode, city, state) values (58225,"Bowesmont","ND");
INSERT INTO ZipLocation(zipCode, city, state) values (20715,"Bowie","MD");
INSERT INTO ZipLocation(zipCode, city, state) values (76230,"Bowie","TX");
INSERT INTO ZipLocation(zipCode, city, state) values (54416,"Bowler","WI");
INSERT INTO ZipLocation(zipCode, city, state) values (47833,"Bowling Green","IN");
INSERT INTO ZipLocation(zipCode, city, state) values (42103,"Bowling Green","KY");
INSERT INTO ZipLocation(zipCode, city, state) values (63334,"Bowling Green","MO");
INSERT INTO ZipLocation(zipCode, city, state) values (43402,"Bowling Green","OH");
INSERT INTO ZipLocation(zipCode, city, state) values (22427,"Bowling Green","VA");
INSERT INTO ZipLocation(zipCode, city, state) values (56314,"Bowlus","MN");
INSERT INTO ZipLocation(zipCode, city, state) values (30624,"Bowman","GA");
INSERT INTO ZipLocation(zipCode, city, state) values (58623,"Bowman","ND");
INSERT INTO ZipLocation(zipCode, city, state) values (29018,"Bowman","SC");
INSERT INTO ZipLocation(zipCode, city, state) values (14026,"Bowmansville","NY");
INSERT INTO ZipLocation(zipCode, city, state) values (59521,"Box Elder","MT");
INSERT INTO ZipLocation(zipCode, city, state) values (57719,"Box Elder","SD");
INSERT INTO ZipLocation(zipCode, city, state) values (1719,"Boxboro","MA");
INSERT INTO ZipLocation(zipCode, city, state) values (1921,"Boxford","MA");
INSERT INTO ZipLocation(zipCode, city, state) values (50040,"Boxholm","IA");
INSERT INTO ZipLocation(zipCode, city, state) values (56632,"Boy River","MN");
INSERT INTO ZipLocation(zipCode, city, state) values (71409,"Boyce","LA");
INSERT INTO ZipLocation(zipCode, city, state) values (22620,"Boyce","VA");
INSERT INTO ZipLocation(zipCode, city, state) values (54725,"Boyceville","WI");
INSERT INTO ZipLocation(zipCode, city, state) values (56218,"Boyd","MN");
INSERT INTO ZipLocation(zipCode, city, state) values (76023,"Boyd","TX");
INSERT INTO ZipLocation(zipCode, city, state) values (54726,"Boyd","WI");
INSERT INTO ZipLocation(zipCode, city, state) values (22947,"Boyd Tavern","VA");
INSERT INTO ZipLocation(zipCode, city, state) values (51234,"Boyden","IA");
INSERT INTO ZipLocation(zipCode, city, state) values (20841,"Boyds","MD");
INSERT INTO ZipLocation(zipCode, city, state) values (99107,"Boyds","WA");
INSERT INTO ZipLocation(zipCode, city, state) values (23917,"Boydton","VA");
INSERT INTO ZipLocation(zipCode, city, state) values (16020,"Boyers","PA");
INSERT INTO ZipLocation(zipCode, city, state) values (19512,"Boyertown","PA");
INSERT INTO ZipLocation(zipCode, city, state) values (59316,"Boyes","MT");
INSERT INTO ZipLocation(zipCode, city, state) values (23827,"Boykins","VA");
INSERT INTO ZipLocation(zipCode, city, state) values (38730,"Boyle","MS");
INSERT INTO ZipLocation(zipCode, city, state) values (1505,"Boylston","MA");
INSERT INTO ZipLocation(zipCode, city, state) values (49712,"Boyne City","MI");
INSERT INTO ZipLocation(zipCode, city, state) values (49713,"Boyne Falls","MI");
INSERT INTO ZipLocation(zipCode, city, state) values (74422,"Boynton","OK");
INSERT INTO ZipLocation(zipCode, city, state) values (33426,"Boynton Beach","FL");
INSERT INTO ZipLocation(zipCode, city, state) values (36761,"Boys Ranch","AL");
INSERT INTO ZipLocation(zipCode, city, state) values (32060,"Boys Ranch","FL");
INSERT INTO ZipLocation(zipCode, city, state) values (87002,"Boys Ranch","NM");
INSERT INTO ZipLocation(zipCode, city, state) values (59715,"Bozeman","MT");
INSERT INTO ZipLocation(zipCode, city, state) values (21612,"Bozman","MD");
INSERT INTO ZipLocation(zipCode, city, state) values (24923,"Bozoo","WV");
INSERT INTO ZipLocation(zipCode, city, state) values (6334,"Bozrah","CT");
INSERT INTO ZipLocation(zipCode, city, state) values (60407,"Braceville","IL");
INSERT INTO ZipLocation(zipCode, city, state) values (23919,"Bracey","VA");
INSERT INTO ZipLocation(zipCode, city, state) values (15014,"Brackenridge","PA");
INSERT INTO ZipLocation(zipCode, city, state) values (78832,"Brackettville","TX");
INSERT INTO ZipLocation(zipCode, city, state) values (18812,"Brackney","PA");
INSERT INTO ZipLocation(zipCode, city, state) values (91010,"Bradbury","CA");
INSERT INTO ZipLocation(zipCode, city, state) values (58524,"Braddock","ND");
INSERT INTO ZipLocation(zipCode, city, state) values (51631,"Braddyville","IA");
INSERT INTO ZipLocation(zipCode, city, state) values (34202,"Braden River","FL");
INSERT INTO ZipLocation(zipCode, city, state) values (34210,"Bradenton","FL");
INSERT INTO ZipLocation(zipCode, city, state) values (34217,"Bradenton Beach","FL");
INSERT INTO ZipLocation(zipCode, city, state) values (15620,"Bradenville","PA");
INSERT INTO ZipLocation(zipCode, city, state) values (72020,"Bradford","AR");
INSERT INTO ZipLocation(zipCode, city, state) values (50041,"Bradford","IA");
INSERT INTO ZipLocation(zipCode, city, state) values (61421,"Bradford","IL");
INSERT INTO ZipLocation(zipCode, city, state) values (1835,"Bradford","MA");
INSERT INTO ZipLocation(zipCode, city, state) values (4410,"Bradford","ME");
INSERT INTO ZipLocation(zipCode, city, state) values (3221,"Bradford","NH");
INSERT INTO ZipLocation(zipCode, city, state) values (14815,"Bradford","NY");
INSERT INTO ZipLocation(zipCode, city, state) values (45308,"Bradford","OH");
INSERT INTO ZipLocation(zipCode, city, state) values (16701,"Bradford","PA");
INSERT INTO ZipLocation(zipCode, city, state) values (2808,"Bradford","RI");
INSERT INTO ZipLocation(zipCode, city, state) values (38316,"Bradford","TN");
INSERT INTO ZipLocation(zipCode, city, state) values (5033,"Bradford","VT");
INSERT INTO ZipLocation(zipCode, city, state) values (40009,"Bradfordsville","KY");
INSERT INTO ZipLocation(zipCode, city, state) values (15015,"Bradfordwoods","PA");
INSERT INTO ZipLocation(zipCode, city, state) values (50520,"Bradgate","IA");
INSERT INTO ZipLocation(zipCode, city, state) values (71826,"Bradley","AR");
INSERT INTO ZipLocation(zipCode, city, state) values (93426,"Bradley","CA");
INSERT INTO ZipLocation(zipCode, city, state) values (60915,"Bradley","IL");
INSERT INTO ZipLocation(zipCode, city, state) values (4411,"Bradley","ME");
INSERT INTO ZipLocation(zipCode, city, state) values (73011,"Bradley","OK");
INSERT INTO ZipLocation(zipCode, city, state) values (29819,"Bradley","SC");
INSERT INTO ZipLocation(zipCode, city, state) values (57217,"Bradley","SD");
INSERT INTO ZipLocation(zipCode, city, state) values (7720,"Bradley Beach","NJ");
INSERT INTO ZipLocation(zipCode, city, state) values (65614,"Bradleyville","MO");
INSERT INTO ZipLocation(zipCode, city, state) values (43406,"Bradner","OH");
INSERT INTO ZipLocation(zipCode, city, state) values (21021,"Bradshaw","MD");
INSERT INTO ZipLocation(zipCode, city, state) values (68319,"Bradshaw","NE");
INSERT INTO ZipLocation(zipCode, city, state) values (59416,"Brady","MT");
INSERT INTO ZipLocation(zipCode, city, state) values (69123,"Brady","NE");
INSERT INTO ZipLocation(zipCode, city, state) values (37026,"Bradyville","TN");
INSERT INTO ZipLocation(zipCode, city, state) values (63827,"Bragg City","MO");
INSERT INTO ZipLocation(zipCode, city, state) values (74423,"Braggs","OK");
INSERT INTO ZipLocation(zipCode, city, state) values (55006,"Braham","MN");
INSERT INTO ZipLocation(zipCode, city, state) values (60408,"Braidwood","IL");
INSERT INTO ZipLocation(zipCode, city, state) values (68626,"Brainard","NE");
INSERT INTO ZipLocation(zipCode, city, state) values (12024,"Brainard","NY");
INSERT INTO ZipLocation(zipCode, city, state) values (2184,"Braintree","MA");
INSERT INTO ZipLocation(zipCode, city, state) values (70040,"Braithwaite","LA");
INSERT INTO ZipLocation(zipCode, city, state) values (74632,"Braman","OK");
INSERT INTO ZipLocation(zipCode, city, state) values (49837,"Brampton","MI");
INSERT INTO ZipLocation(zipCode, city, state) values (58017,"Brampton","ND");
INSERT INTO ZipLocation(zipCode, city, state) values (24715,"Bramwell","WV");
INSERT INTO ZipLocation(zipCode, city, state) values (72928,"Branch","AR");
INSERT INTO ZipLocation(zipCode, city, state) values (70516,"Branch","LA");
INSERT INTO ZipLocation(zipCode, city, state) values (49402,"Branch","MI");
INSERT INTO ZipLocation(zipCode, city, state) values (17923,"Branchdale","PA");
INSERT INTO ZipLocation(zipCode, city, state) values (25506,"Branchland","WV");
INSERT INTO ZipLocation(zipCode, city, state) values (14418,"Branchport","NY");
INSERT INTO ZipLocation(zipCode, city, state) values (47514,"Branchville","IN");
INSERT INTO ZipLocation(zipCode, city, state) values (7826,"Branchville","NJ");
INSERT INTO ZipLocation(zipCode, city, state) values (29432,"Branchville","SC");
INSERT INTO ZipLocation(zipCode, city, state) values (23828,"Branchville","VA");
INSERT INTO ZipLocation(zipCode, city, state) values (40108,"Brandenburg","KY");
INSERT INTO ZipLocation(zipCode, city, state) values (81026,"Brandon","CO");
INSERT INTO ZipLocation(zipCode, city, state) values (33510,"Brandon","FL");
INSERT INTO ZipLocation(zipCode, city, state) values (52210,"Brandon","IA");
INSERT INTO ZipLocation(zipCode, city, state) values (56315,"Brandon","MN");
INSERT INTO ZipLocation(zipCode, city, state) values (39042,"Brandon","MS");
INSERT INTO ZipLocation(zipCode, city, state) values (5733,"Brandon","VT");
INSERT INTO ZipLocation(zipCode, city, state) values (53919,"Brandon","WI");
INSERT INTO ZipLocation(zipCode, city, state) values (65688,"Brandsville","MO");
INSERT INTO ZipLocation(zipCode, city, state) values (57218,"Brandt","SD");
INSERT INTO ZipLocation(zipCode, city, state) values (22714,"Brandy Station","VA");
INSERT INTO ZipLocation(zipCode, city, state) values (20613,"Brandywine","MD");
INSERT INTO ZipLocation(zipCode, city, state) values (26802,"Brandywine","WV");
INSERT INTO ZipLocation(zipCode, city, state) values (6405,"Branford","CT");
INSERT INTO ZipLocation(zipCode, city, state) values (32008,"Branford","FL");
INSERT INTO ZipLocation(zipCode, city, state) values (95417,"Branscomb","CA");
INSERT INTO ZipLocation(zipCode, city, state) values (81027,"Branson","CO");
INSERT INTO ZipLocation(zipCode, city, state) values (65737,"Branson West","MO");
INSERT INTO ZipLocation(zipCode, city, state) values (48614,"Brant","MI");
INSERT INTO ZipLocation(zipCode, city, state) values (12815,"Brant Lake","NY");
INSERT INTO ZipLocation(zipCode, city, state) values (58356,"Brantford","ND");
INSERT INTO ZipLocation(zipCode, city, state) values (36009,"Brantley","AL");
INSERT INTO ZipLocation(zipCode, city, state) values (54513,"Brantwood","WI");
INSERT INTO ZipLocation(zipCode, city, state) values (30517,"Braselton","GA");
INSERT INTO ZipLocation(zipCode, city, state) values (63533,"Brashear","MO");
INSERT INTO ZipLocation(zipCode, city, state) values (75420,"Brashear","TX");
INSERT INTO ZipLocation(zipCode, city, state) values (13613,"Brasher Falls","NY");
INSERT INTO ZipLocation(zipCode, city, state) values (28902,"Brasstown","NC");
INSERT INTO ZipLocation(zipCode, city, state) values (5301,"Brattleboro","VT");
INSERT INTO ZipLocation(zipCode, city, state) values (92227,"Brawley","CA");
INSERT INTO ZipLocation(zipCode, city, state) values (39044,"Braxton","MS");
INSERT INTO ZipLocation(zipCode, city, state) values (64624,"Braymer","MO");
INSERT INTO ZipLocation(zipCode, city, state) values (50042,"Brayton","IA");
INSERT INTO ZipLocation(zipCode, city, state) values (47834,"Brazil","IN");
INSERT INTO ZipLocation(zipCode, city, state) values (77422,"Brazoria","TX");
INSERT INTO ZipLocation(zipCode, city, state) values (92621,"Brea","CA");
INSERT INTO ZipLocation(zipCode, city, state) values (5753,"Bread Loaf","VT");
INSERT INTO ZipLocation(zipCode, city, state) values (48615,"Breckenridge","MI");
INSERT INTO ZipLocation(zipCode, city, state) values (56520,"Breckenridge","MN");
INSERT INTO ZipLocation(zipCode, city, state) values (64625,"Breckenridge","MO");
INSERT INTO ZipLocation(zipCode, city, state) values (76424,"Breckenridge","TX");
INSERT INTO ZipLocation(zipCode, city, state) values (44141,"Brecksville","OH");
INSERT INTO ZipLocation(zipCode, city, state) values (51436,"Breda","IA");
INSERT INTO ZipLocation(zipCode, city, state) values (25666,"Breeden","WV");
INSERT INTO ZipLocation(zipCode, city, state) values (42715,"Breeding","KY");
INSERT INTO ZipLocation(zipCode, city, state) values (62230,"Breese","IL");
INSERT INTO ZipLocation(zipCode, city, state) values (14816,"Breesport","NY");
INSERT INTO ZipLocation(zipCode, city, state) values (15533,"Breezewood","PA");
INSERT INTO ZipLocation(zipCode, city, state) values (58570,"Breien","ND");
INSERT INTO ZipLocation(zipCode, city, state) values (18031,"Breinigsville","PA");
INSERT INTO ZipLocation(zipCode, city, state) values (35033,"Bremen","AL");
INSERT INTO ZipLocation(zipCode, city, state) values (30110,"Bremen","GA");
INSERT INTO ZipLocation(zipCode, city, state) values (46506,"Bremen","IN");
INSERT INTO ZipLocation(zipCode, city, state) values (66412,"Bremen","KS");
INSERT INTO ZipLocation(zipCode, city, state) values (42325,"Bremen","KY");
INSERT INTO ZipLocation(zipCode, city, state) values (58319,"Bremen","ND");
INSERT INTO ZipLocation(zipCode, city, state) values (50677,"Bremer","IA");
INSERT INTO ZipLocation(zipCode, city, state) values (98310,"Bremerton","WA");
INSERT INTO ZipLocation(zipCode, city, state) values (23022,"Bremo Bluff","VA");
INSERT INTO ZipLocation(zipCode, city, state) values (76629,"Bremond","TX");
INSERT INTO ZipLocation(zipCode, city, state) values (77833,"Brenham","TX");
INSERT INTO ZipLocation(zipCode, city, state) values (35034,"Brent","AL");
INSERT INTO ZipLocation(zipCode, city, state) values (57429,"Brentford","SD");
INSERT INTO ZipLocation(zipCode, city, state) values (24818,"Brenton","WV");
INSERT INTO ZipLocation(zipCode, city, state) values (94513,"Brentwood","CA");
INSERT INTO ZipLocation(zipCode, city, state) values (20722,"Brentwood","MD");
INSERT INTO ZipLocation(zipCode, city, state) values (63144,"Brentwood","MO");
INSERT INTO ZipLocation(zipCode, city, state) values (3833,"Brentwood","NH");
INSERT INTO ZipLocation(zipCode, city, state) values (15227,"Brentwood","PA");
INSERT INTO ZipLocation(zipCode, city, state) values (37027,"Brentwood","TN");
INSERT INTO ZipLocation(zipCode, city, state) values (49619,"Brethren","MI");
INSERT INTO ZipLocation(zipCode, city, state) values (28712,"Brevard","NC");
INSERT INTO ZipLocation(zipCode, city, state) values (99785,"Brevig Mission","AK");
INSERT INTO ZipLocation(zipCode, city, state) values (4412,"Brewer","ME");
INSERT INTO ZipLocation(zipCode, city, state) values (13029,"Brewerton","NY");
INSERT INTO ZipLocation(zipCode, city, state) values (67732,"Brewster","KS");
INSERT INTO ZipLocation(zipCode, city, state) values (2631,"Brewster","MA");
INSERT INTO ZipLocation(zipCode, city, state) values (56119,"Brewster","MN");
INSERT INTO ZipLocation(zipCode, city, state) values (68821,"Brewster","NE");
INSERT INTO ZipLocation(zipCode, city, state) values (10509,"Brewster","NY");
INSERT INTO ZipLocation(zipCode, city, state) values (44613,"Brewster","OH");
INSERT INTO ZipLocation(zipCode, city, state) values (98812,"Brewster","WA");
INSERT INTO ZipLocation(zipCode, city, state) values (84719,"Brian Head","UT");
INSERT INTO ZipLocation(zipCode, city, state) values (63931,"Briar","MO");
INSERT INTO ZipLocation(zipCode, city, state) values (10510,"Briarcliff Manor","NY");
INSERT INTO ZipLocation(zipCode, city, state) values (58104,"Briarwood","ND");
INSERT INTO ZipLocation(zipCode, city, state) values (56014,"Bricelyn","MN");
INSERT INTO ZipLocation(zipCode, city, state) values (8724,"Brick","NJ");
INSERT INTO ZipLocation(zipCode, city, state) values (72320,"Brickeys","AR");
INSERT INTO ZipLocation(zipCode, city, state) values (97010,"Bridal Veil","OR");
INSERT INTO ZipLocation(zipCode, city, state) values (70094,"Bridge City","LA");
INSERT INTO ZipLocation(zipCode, city, state) values (77611,"Bridge City","TX");
INSERT INTO ZipLocation(zipCode, city, state) values (31705,"Bridgeboro","GA");
INSERT INTO ZipLocation(zipCode, city, state) values (84012,"Bridgeland","UT");
INSERT INTO ZipLocation(zipCode, city, state) values (35740,"Bridgeport","AL");
INSERT INTO ZipLocation(zipCode, city, state) values (93517,"Bridgeport","CA");
INSERT INTO ZipLocation(zipCode, city, state) values (6604,"Bridgeport","CT");
INSERT INTO ZipLocation(zipCode, city, state) values (62417,"Bridgeport","IL");
INSERT INTO ZipLocation(zipCode, city, state) values (46231,"Bridgeport","IN");
INSERT INTO ZipLocation(zipCode, city, state) values (48722,"Bridgeport","MI");
INSERT INTO ZipLocation(zipCode, city, state) values (69336,"Bridgeport","NE");
INSERT INTO ZipLocation(zipCode, city, state) values (8014,"Bridgeport","NJ");
INSERT INTO ZipLocation(zipCode, city, state) values (13030,"Bridgeport","NY");
INSERT INTO ZipLocation(zipCode, city, state) values (43912,"Bridgeport","OH");
INSERT INTO ZipLocation(zipCode, city, state) values (19405,"Bridgeport","PA");
INSERT INTO ZipLocation(zipCode, city, state) values (76426,"Bridgeport","TX");
INSERT INTO ZipLocation(zipCode, city, state) values (98813,"Bridgeport","WA");
INSERT INTO ZipLocation(zipCode, city, state) values (26330,"Bridgeport","WV");
INSERT INTO ZipLocation(zipCode, city, state) values (59014,"Bridger","MT");
INSERT INTO ZipLocation(zipCode, city, state) values (47836,"Bridgeton","IN");
INSERT INTO ZipLocation(zipCode, city, state) values (63044,"Bridgeton","MO");
INSERT INTO ZipLocation(zipCode, city, state) values (60455,"Bridgeview","IL");
INSERT INTO ZipLocation(zipCode, city, state) values (19933,"Bridgeville","DE");
INSERT INTO ZipLocation(zipCode, city, state) values (15017,"Bridgeville","PA");
INSERT INTO ZipLocation(zipCode, city, state) values (6752,"Bridgewater","CT");
INSERT INTO ZipLocation(zipCode, city, state) values (50837,"Bridgewater","IA");
INSERT INTO ZipLocation(zipCode, city, state) values (2324,"Bridgewater","MA");
INSERT INTO ZipLocation(zipCode, city, state) values (4735,"Bridgewater","ME");
INSERT INTO ZipLocation(zipCode, city, state) values (8807,"Bridgewater","NJ");
INSERT INTO ZipLocation(zipCode, city, state) values (22812,"Bridgewater","VA");
INSERT INTO ZipLocation(zipCode, city, state) values (5034,"Bridgewater","VT");
INSERT INTO ZipLocation(zipCode, city, state) values (5035,"Bridgewater Corn","VT");
INSERT INTO ZipLocation(zipCode, city, state) values (49106,"Bridgman","MI");
INSERT INTO ZipLocation(zipCode, city, state) values (4009,"Bridgton","ME");
INSERT INTO ZipLocation(zipCode, city, state) values (5734,"Bridport","VT");
INSERT INTO ZipLocation(zipCode, city, state) values (8730,"Brielle","NJ");
INSERT INTO ZipLocation(zipCode, city, state) values (98036,"Brier","WA");
INSERT INTO ZipLocation(zipCode, city, state) values (13614,"Brier Hill","NY");
INSERT INTO ZipLocation(zipCode, city, state) values (35035,"Brierfield","AL");
INSERT INTO ZipLocation(zipCode, city, state) values (8203,"Brigantine","NJ");
INSERT INTO ZipLocation(zipCode, city, state) values (78608,"Briggs","TX");
INSERT INTO ZipLocation(zipCode, city, state) values (80611,"Briggsdale","CO");
INSERT INTO ZipLocation(zipCode, city, state) values (72828,"Briggsville","AR");
INSERT INTO ZipLocation(zipCode, city, state) values (53920,"Briggsville","WI");
INSERT INTO ZipLocation(zipCode, city, state) values (84302,"Brigham City","UT");
INSERT INTO ZipLocation(zipCode, city, state) values (40962,"Bright Shade","KY");
INSERT INTO ZipLocation(zipCode, city, state) values (52540,"Brighton","IA");
INSERT INTO ZipLocation(zipCode, city, state) values (62012,"Brighton","IL");
INSERT INTO ZipLocation(zipCode, city, state) values (2135,"Brighton","MA");
INSERT INTO ZipLocation(zipCode, city, state) values (48116,"Brighton","MI");
INSERT INTO ZipLocation(zipCode, city, state) values (65617,"Brighton","MO");
INSERT INTO ZipLocation(zipCode, city, state) values (38011,"Brighton","TN");
INSERT INTO ZipLocation(zipCode, city, state) values (11718,"Brightwaters","NY");
INSERT INTO ZipLocation(zipCode, city, state) values (97011,"Brightwood","OR");
INSERT INTO ZipLocation(zipCode, city, state) values (22715,"Brightwood","VA");
INSERT INTO ZipLocation(zipCode, city, state) values (35548,"Brilliant","AL");
INSERT INTO ZipLocation(zipCode, city, state) values (43913,"Brilliant","OH");
INSERT INTO ZipLocation(zipCode, city, state) values (54110,"Brillion","WI");
INSERT INTO ZipLocation(zipCode, city, state) values (61517,"Brimfield","IL");
INSERT INTO ZipLocation(zipCode, city, state) values (1010,"Brimfield","MA");
INSERT INTO ZipLocation(zipCode, city, state) values (87310,"Brimhall","NM");
INSERT INTO ZipLocation(zipCode, city, state) values (55602,"Brimson","MN");
INSERT INTO ZipLocation(zipCode, city, state) values (46913,"Bringhurst","IN");
INSERT INTO ZipLocation(zipCode, city, state) values (43006,"Brinkhaven","OH");
INSERT INTO ZipLocation(zipCode, city, state) values (72021,"Brinkley","AR");
INSERT INTO ZipLocation(zipCode, city, state) values (41805,"Brinkley","KY");
INSERT INTO ZipLocation(zipCode, city, state) values (20862,"Brinklow","MD");
INSERT INTO ZipLocation(zipCode, city, state) values (65443,"Brinktown","MO");
INSERT INTO ZipLocation(zipCode, city, state) values (98320,"Brinnon","WA");
INSERT INTO ZipLocation(zipCode, city, state) values (58320,"Brinsmade","ND");
INSERT INTO ZipLocation(zipCode, city, state) values (31725,"Brinson","GA");
INSERT INTO ZipLocation(zipCode, city, state) values (33435,"Briny Breezes","FL");
INSERT INTO ZipLocation(zipCode, city, state) values (94005,"Brisbane","CA");
INSERT INTO ZipLocation(zipCode, city, state) values (13830,"Brisben","NY");
INSERT INTO ZipLocation(zipCode, city, state) values (16620,"Brisbin","PA");
INSERT INTO ZipLocation(zipCode, city, state) values (79011,"Briscoe","TX");
INSERT INTO ZipLocation(zipCode, city, state) values (81028,"Bristol","CO");
INSERT INTO ZipLocation(zipCode, city, state) values (6010,"Bristol","CT");
INSERT INTO ZipLocation(zipCode, city, state) values (32321,"Bristol","FL");
INSERT INTO ZipLocation(zipCode, city, state) values (31518,"Bristol","GA");
INSERT INTO ZipLocation(zipCode, city, state) values (60512,"Bristol","IL");
INSERT INTO ZipLocation(zipCode, city, state) values (46507,"Bristol","IN");
INSERT INTO ZipLocation(zipCode, city, state) values (4539,"Bristol","ME");
INSERT INTO ZipLocation(zipCode, city, state) values (3222,"Bristol","NH");
INSERT INTO ZipLocation(zipCode, city, state) values (2809,"Bristol","RI");
INSERT INTO ZipLocation(zipCode, city, state) values (37620,"Bristol","TN");
INSERT INTO ZipLocation(zipCode, city, state) values (24201,"Bristol","VA");
INSERT INTO ZipLocation(zipCode, city, state) values (5443,"Bristol","VT");
INSERT INTO ZipLocation(zipCode, city, state) values (53104,"Bristol","WI");
INSERT INTO ZipLocation(zipCode, city, state) values (26332,"Bristol","WV");
INSERT INTO ZipLocation(zipCode, city, state) values (44402,"Bristolville","OH");
INSERT INTO ZipLocation(zipCode, city, state) values (50611,"Bristow","IA");
INSERT INTO ZipLocation(zipCode, city, state) values (68719,"Bristow","NE");
INSERT INTO ZipLocation(zipCode, city, state) values (74010,"Bristow","OK");
INSERT INTO ZipLocation(zipCode, city, state) values (22013,"Bristow","VA");
INSERT INTO ZipLocation(zipCode, city, state) values (50423,"Britt","IA");
INSERT INTO ZipLocation(zipCode, city, state) values (55710,"Britt","MN");
INSERT INTO ZipLocation(zipCode, city, state) values (49229,"Britton","MI");
INSERT INTO ZipLocation(zipCode, city, state) values (57430,"Britton","SD");
INSERT INTO ZipLocation(zipCode, city, state) values (65618,"Brixey","MO");
INSERT INTO ZipLocation(zipCode, city, state) values (41501,"Broad Bottom","KY");
INSERT INTO ZipLocation(zipCode, city, state) values (22014,"Broad Run","VA");
INSERT INTO ZipLocation(zipCode, city, state) values (16621,"Broad Top","PA");
INSERT INTO ZipLocation(zipCode, city, state) values (12025,"Broadalbin","NY");
INSERT INTO ZipLocation(zipCode, city, state) values (97414,"Broadbent","OR");
INSERT INTO ZipLocation(zipCode, city, state) values (75929,"Broaddus","TX");
INSERT INTO ZipLocation(zipCode, city, state) values (26416,"Broaddus","WV");
INSERT INTO ZipLocation(zipCode, city, state) values (24316,"Broadford","VA");
INSERT INTO ZipLocation(zipCode, city, state) values (61816,"Broadlands","IL");
INSERT INTO ZipLocation(zipCode, city, state) values (60153,"Broadview","IL");
INSERT INTO ZipLocation(zipCode, city, state) values (59015,"Broadview","MT");
INSERT INTO ZipLocation(zipCode, city, state) values (88112,"Broadview","NM");
INSERT INTO ZipLocation(zipCode, city, state) values (44147,"Broadview Height","OH");
INSERT INTO ZipLocation(zipCode, city, state) values (69125,"Broadwater","NE");
INSERT INTO ZipLocation(zipCode, city, state) values (27505,"Broadway","NC");
INSERT INTO ZipLocation(zipCode, city, state) values (22815,"Broadway","VA");
INSERT INTO ZipLocation(zipCode, city, state) values (62634,"Broadwell","IL");
INSERT INTO ZipLocation(zipCode, city, state) values (68320,"Brock","NE");
INSERT INTO ZipLocation(zipCode, city, state) values (58321,"Brocket","ND");
INSERT INTO ZipLocation(zipCode, city, state) values (14420,"Brockport","NY");
INSERT INTO ZipLocation(zipCode, city, state) values (15823,"Brockport","PA");
INSERT INTO ZipLocation(zipCode, city, state) values (2401,"Brockton","MA");
INSERT INTO ZipLocation(zipCode, city, state) values (59213,"Brockton","MT");
INSERT INTO ZipLocation(zipCode, city, state) values (17925,"Brockton","PA");
INSERT INTO ZipLocation(zipCode, city, state) values (48097,"Brockway","MI");
INSERT INTO ZipLocation(zipCode, city, state) values (59214,"Brockway","MT");
INSERT INTO ZipLocation(zipCode, city, state) values (15824,"Brockway","PA");
INSERT INTO ZipLocation(zipCode, city, state) values (72517,"Brockwell","AR");
INSERT INTO ZipLocation(zipCode, city, state) values (61917,"Brocton","IL");
INSERT INTO ZipLocation(zipCode, city, state) values (14716,"Brocton","NY");
INSERT INTO ZipLocation(zipCode, city, state) values (17329,"Brodbecks","PA");
INSERT INTO ZipLocation(zipCode, city, state) values (40409,"Brodhead","KY");
INSERT INTO ZipLocation(zipCode, city, state) values (53520,"Brodhead","WI");
INSERT INTO ZipLocation(zipCode, city, state) values (18322,"Brodheadsville","PA");
INSERT INTO ZipLocation(zipCode, city, state) values (23920,"Brodnax","VA");
INSERT INTO ZipLocation(zipCode, city, state) values (97903,"Brogan","OR");
INSERT INTO ZipLocation(zipCode, city, state) values (17309,"Brogue","PA");
INSERT INTO ZipLocation(zipCode, city, state) values (26138,"Brohard","WV");
INSERT INTO ZipLocation(zipCode, city, state) values (74011,"Broken Arrow","OK");
INSERT INTO ZipLocation(zipCode, city, state) values (68822,"Broken Bow","NE");
INSERT INTO ZipLocation(zipCode, city, state) values (74728,"Broken Bow","OK");
INSERT INTO ZipLocation(zipCode, city, state) values (5148,"Bromley Mtn","VT");
INSERT INTO ZipLocation(zipCode, city, state) values (64728,"Bronaugh","MO");
INSERT INTO ZipLocation(zipCode, city, state) values (32621,"Bronson","FL");
INSERT INTO ZipLocation(zipCode, city, state) values (51007,"Bronson","IA");
INSERT INTO ZipLocation(zipCode, city, state) values (66716,"Bronson","KS");
INSERT INTO ZipLocation(zipCode, city, state) values (49028,"Bronson","MI");
INSERT INTO ZipLocation(zipCode, city, state) values (75930,"Bronson","TX");
INSERT INTO ZipLocation(zipCode, city, state) values (42518,"Bronston","KY");
INSERT INTO ZipLocation(zipCode, city, state) values (76933,"Bronte","TX");
INSERT INTO ZipLocation(zipCode, city, state) values (31726,"Bronwood","GA");
INSERT INTO ZipLocation(zipCode, city, state) values (10451,"Bronx","NY");
INSERT INTO ZipLocation(zipCode, city, state) values (10708,"Bronxville","NY");
INSERT INTO ZipLocation(zipCode, city, state) values (47922,"Brook","IN");
INSERT INTO ZipLocation(zipCode, city, state) values (75931,"Brookeland","TX");
INSERT INTO ZipLocation(zipCode, city, state) values (32622,"Brooker","FL");
INSERT INTO ZipLocation(zipCode, city, state) values (76827,"Brookesmith","TX");
INSERT INTO ZipLocation(zipCode, city, state) values (20833,"Brookeville","MD");
INSERT INTO ZipLocation(zipCode, city, state) values (6804,"Brookfield","CT");
INSERT INTO ZipLocation(zipCode, city, state) values (60513,"Brookfield","IL");
INSERT INTO ZipLocation(zipCode, city, state) values (1506,"Brookfield","MA");
INSERT INTO ZipLocation(zipCode, city, state) values (64628,"Brookfield","MO");
INSERT INTO ZipLocation(zipCode, city, state) values (13314,"Brookfield","NY");
INSERT INTO ZipLocation(zipCode, city, state) values (44403,"Brookfield","OH");
INSERT INTO ZipLocation(zipCode, city, state) values (5036,"Brookfield","VT");
INSERT INTO ZipLocation(zipCode, city, state) values (53005,"Brookfield","WI");
INSERT INTO ZipLocation(zipCode, city, state) values (39601,"Brookhaven","MS");
INSERT INTO ZipLocation(zipCode, city, state) values (11719,"Brookhaven","NY");
INSERT INTO ZipLocation(zipCode, city, state) values (19015,"Brookhaven","PA");
INSERT INTO ZipLocation(zipCode, city, state) values (57006,"Brookings","SD");
INSERT INTO ZipLocation(zipCode, city, state) values (72417,"Brookland","AR");
INSERT INTO ZipLocation(zipCode, city, state) values (30415,"Brooklet","GA");
INSERT INTO ZipLocation(zipCode, city, state) values (36615,"Brookley Field","AL");
INSERT INTO ZipLocation(zipCode, city, state) values (4616,"Brooklin","ME");
INSERT INTO ZipLocation(zipCode, city, state) values (2146,"Brookline","MA");
INSERT INTO ZipLocation(zipCode, city, state) values (3033,"Brookline","NH");
INSERT INTO ZipLocation(zipCode, city, state) values (15226,"Brookline","PA");
INSERT INTO ZipLocation(zipCode, city, state) values (65619,"Brookline Statio","MO");
INSERT INTO ZipLocation(zipCode, city, state) values (6234,"Brooklyn","CT");
INSERT INTO ZipLocation(zipCode, city, state) values (52211,"Brooklyn","IA");
INSERT INTO ZipLocation(zipCode, city, state) values (49230,"Brooklyn","MI");
INSERT INTO ZipLocation(zipCode, city, state) values (39425,"Brooklyn","MS");
INSERT INTO ZipLocation(zipCode, city, state) values (11201,"Brooklyn","NY");
INSERT INTO ZipLocation(zipCode, city, state) values (44144,"Brooklyn","OH");
INSERT INTO ZipLocation(zipCode, city, state) values (53521,"Brooklyn","WI");
INSERT INTO ZipLocation(zipCode, city, state) values (55429,"Brooklyn Center","MN");
INSERT INTO ZipLocation(zipCode, city, state) values (21225,"Brooklyn Curtis","MD");
INSERT INTO ZipLocation(zipCode, city, state) values (11251,"Brooklyn Navy Ya","NY");
INSERT INTO ZipLocation(zipCode, city, state) values (55445,"Brooklyn Park","MN");
INSERT INTO ZipLocation(zipCode, city, state) values (24528,"Brookneal","VA");
INSERT INTO ZipLocation(zipCode, city, state) values (44142,"Brookpark","OH");
INSERT INTO ZipLocation(zipCode, city, state) values (95606,"Brooks","CA");
INSERT INTO ZipLocation(zipCode, city, state) values (30205,"Brooks","GA");
INSERT INTO ZipLocation(zipCode, city, state) values (40109,"Brooks","KY");
INSERT INTO ZipLocation(zipCode, city, state) values (4921,"Brooks","ME");
INSERT INTO ZipLocation(zipCode, city, state) values (56715,"Brooks","MN");
INSERT INTO ZipLocation(zipCode, city, state) values (97305,"Brooks","OR");
INSERT INTO ZipLocation(zipCode, city, state) values (78235,"Brooks A F B","TX");
INSERT INTO ZipLocation(zipCode, city, state) values (77423,"Brookshire","TX");
INSERT INTO ZipLocation(zipCode, city, state) values (47923,"Brookston","IN");
INSERT INTO ZipLocation(zipCode, city, state) values (55711,"Brookston","MN");
INSERT INTO ZipLocation(zipCode, city, state) values (75421,"Brookston","TX");
INSERT INTO ZipLocation(zipCode, city, state) values (34601,"Brooksville","FL");
INSERT INTO ZipLocation(zipCode, city, state) values (41004,"Brooksville","KY");
INSERT INTO ZipLocation(zipCode, city, state) values (4617,"Brooksville","ME");
INSERT INTO ZipLocation(zipCode, city, state) values (39739,"Brooksville","MS");
INSERT INTO ZipLocation(zipCode, city, state) values (4413,"Brookton","ME");
INSERT INTO ZipLocation(zipCode, city, state) values (14817,"Brooktondale","NY");
INSERT INTO ZipLocation(zipCode, city, state) values (47012,"Brookville","IN");
INSERT INTO ZipLocation(zipCode, city, state) values (67425,"Brookville","KS");
INSERT INTO ZipLocation(zipCode, city, state) values (45309,"Brookville","OH");
INSERT INTO ZipLocation(zipCode, city, state) values (35444,"Brookwood","AL");
INSERT INTO ZipLocation(zipCode, city, state) values (19008,"Broomall","PA");
INSERT INTO ZipLocation(zipCode, city, state) values (20615,"Broomes Island","MD");
INSERT INTO ZipLocation(zipCode, city, state) values (80020,"Broomfield","CO");
INSERT INTO ZipLocation(zipCode, city, state) values (56316,"Brooten","MN");
INSERT INTO ZipLocation(zipCode, city, state) values (63932,"Broseley","MO");
INSERT INTO ZipLocation(zipCode, city, state) values (97712,"Brothers","OR");
INSERT INTO ZipLocation(zipCode, city, state) values (62817,"Broughton","IL");
INSERT INTO ZipLocation(zipCode, city, state) values (70518,"Broussard","LA");
INSERT INTO ZipLocation(zipCode, city, state) values (42326,"Browder","KY");
INSERT INTO ZipLocation(zipCode, city, state) values (56438,"Browerville","MN");
INSERT INTO ZipLocation(zipCode, city, state) values (48416,"Brown City","MI");
INSERT INTO ZipLocation(zipCode, city, state) values (18421,"Browndale","PA");
INSERT INTO ZipLocation(zipCode, city, state) values (67521,"Brownell","KS");
INSERT INTO ZipLocation(zipCode, city, state) values (62938,"Brownfield","IL");
INSERT INTO ZipLocation(zipCode, city, state) values (4010,"Brownfield","ME");
INSERT INTO ZipLocation(zipCode, city, state) values (79316,"Brownfield","TX");
INSERT INTO ZipLocation(zipCode, city, state) values (42274,"Browning","KY");
INSERT INTO ZipLocation(zipCode, city, state) values (64630,"Browning","MO");
INSERT INTO ZipLocation(zipCode, city, state) values (69166,"Brownlee","NE");
INSERT INTO ZipLocation(zipCode, city, state) values (62818,"Browns","IL");
INSERT INTO ZipLocation(zipCode, city, state) values (8015,"Browns Mills","NJ");
INSERT INTO ZipLocation(zipCode, city, state) values (27214,"Browns Summit","NC");
INSERT INTO ZipLocation(zipCode, city, state) values (95918,"Browns Valley","CA");
INSERT INTO ZipLocation(zipCode, city, state) values (56219,"Browns Valley","MN");
INSERT INTO ZipLocation(zipCode, city, state) values (35741,"Brownsboro","AL");
INSERT INTO ZipLocation(zipCode, city, state) values (46112,"Brownsburg","IN");
INSERT INTO ZipLocation(zipCode, city, state) values (55918,"Brownsdale","MN");
INSERT INTO ZipLocation(zipCode, city, state) values (62418,"Brownstown","IL");
INSERT INTO ZipLocation(zipCode, city, state) values (47220,"Brownstown","IN");
INSERT INTO ZipLocation(zipCode, city, state) values (95919,"Brownsville","CA");
INSERT INTO ZipLocation(zipCode, city, state) values (47325,"Brownsville","IN");
INSERT INTO ZipLocation(zipCode, city, state) values (55919,"Brownsville","MN");
INSERT INTO ZipLocation(zipCode, city, state) values (97327,"Brownsville","OR");
INSERT INTO ZipLocation(zipCode, city, state) values (38012,"Brownsville","TN");
INSERT INTO ZipLocation(zipCode, city, state) values (78520,"Brownsville","TX");
INSERT INTO ZipLocation(zipCode, city, state) values (5037,"Brownsville","VT");
INSERT INTO ZipLocation(zipCode, city, state) values (55312,"Brownton","MN");
INSERT INTO ZipLocation(zipCode, city, state) values (22610,"Browntown","VA");
INSERT INTO ZipLocation(zipCode, city, state) values (53522,"Browntown","WI");
INSERT INTO ZipLocation(zipCode, city, state) values (4414,"Brownville","ME");
INSERT INTO ZipLocation(zipCode, city, state) values (68321,"Brownville","NE");
INSERT INTO ZipLocation(zipCode, city, state) values (31519,"Broxton","GA");
INSERT INTO ZipLocation(zipCode, city, state) values (48065,"Bruce","MI");
INSERT INTO ZipLocation(zipCode, city, state) values (38915,"Bruce","MS");
INSERT INTO ZipLocation(zipCode, city, state) values (57220,"Bruce","SD");
INSERT INTO ZipLocation(zipCode, city, state) values (54819,"Bruce","WI");
INSERT INTO ZipLocation(zipCode, city, state) values (49912,"Bruce Crossing","MI");
INSERT INTO ZipLocation(zipCode, city, state) values (38317,"Bruceton","TN");
INSERT INTO ZipLocation(zipCode, city, state) values (26525,"Bruceton Mills","WV");
INSERT INTO ZipLocation(zipCode, city, state) values (47516,"Bruceville","IN");
INSERT INTO ZipLocation(zipCode, city, state) values (76630,"Bruceville","TX");
INSERT INTO ZipLocation(zipCode, city, state) values (16022,"Bruin","PA");
INSERT INTO ZipLocation(zipCode, city, state) values (23023,"Bruington","VA");
INSERT INTO ZipLocation(zipCode, city, state) values (69127,"Brule","NE");
INSERT INTO ZipLocation(zipCode, city, state) values (54820,"Brule","WI");
INSERT INTO ZipLocation(zipCode, city, state) values (65017,"Brumley","MO");
INSERT INTO ZipLocation(zipCode, city, state) values (36010,"Brundidge","AL");
INSERT INTO ZipLocation(zipCode, city, state) values (65620,"Bruner","MO");
INSERT INTO ZipLocation(zipCode, city, state) values (78344,"Bruni","TX");
INSERT INTO ZipLocation(zipCode, city, state) values (68322,"Bruning","NE");
INSERT INTO ZipLocation(zipCode, city, state) values (17543,"Brunnerville","PA");
INSERT INTO ZipLocation(zipCode, city, state) values (72618,"Bruno","AR");
INSERT INTO ZipLocation(zipCode, city, state) values (55712,"Bruno","MN");
INSERT INTO ZipLocation(zipCode, city, state) values (68014,"Bruno","NE");
INSERT INTO ZipLocation(zipCode, city, state) values (29911,"Brunson","SC");
INSERT INTO ZipLocation(zipCode, city, state) values (31525,"Brunswick","GA");
INSERT INTO ZipLocation(zipCode, city, state) values (62534,"Brunswick","IL");
INSERT INTO ZipLocation(zipCode, city, state) values (21716,"Brunswick","MD");
INSERT INTO ZipLocation(zipCode, city, state) values (65236,"Brunswick","MO");
INSERT INTO ZipLocation(zipCode, city, state) values (68720,"Brunswick","NE");
INSERT INTO ZipLocation(zipCode, city, state) values (44212,"Brunswick","OH");
INSERT INTO ZipLocation(zipCode, city, state) values (59318,"Brusett","MT");
INSERT INTO ZipLocation(zipCode, city, state) values (80723,"Brush","CO");
INSERT INTO ZipLocation(zipCode, city, state) values (38547,"Brush Creek","TN");
INSERT INTO ZipLocation(zipCode, city, state) values (98606,"Brush Prairie","WA");
INSERT INTO ZipLocation(zipCode, city, state) values (15720,"Brush Valley","PA");
INSERT INTO ZipLocation(zipCode, city, state) values (12916,"Brushton","NY");
INSERT INTO ZipLocation(zipCode, city, state) values (70719,"Brusly","LA");
INSERT INTO ZipLocation(zipCode, city, state) values (54204,"Brussels","WI");
INSERT INTO ZipLocation(zipCode, city, state) values (49716,"Brutus","MI");
INSERT INTO ZipLocation(zipCode, city, state) values (43506,"Bryan","OH");
INSERT INTO ZipLocation(zipCode, city, state) values (77801,"Bryan","TX");
INSERT INTO ZipLocation(zipCode, city, state) values (20616,"Bryans Road","MD");
INSERT INTO ZipLocation(zipCode, city, state) values (35958,"Bryant","AL");
INSERT INTO ZipLocation(zipCode, city, state) values (72022,"Bryant","AR");
INSERT INTO ZipLocation(zipCode, city, state) values (52727,"Bryant","IA");
INSERT INTO ZipLocation(zipCode, city, state) values (61519,"Bryant","IL");
INSERT INTO ZipLocation(zipCode, city, state) values (47326,"Bryant","IN");
INSERT INTO ZipLocation(zipCode, city, state) values (57221,"Bryant","SD");
INSERT INTO ZipLocation(zipCode, city, state) values (54418,"Bryant","WI");
INSERT INTO ZipLocation(zipCode, city, state) values (4219,"Bryant Pond","ME");
INSERT INTO ZipLocation(zipCode, city, state) values (20617,"Bryantown","MD");
INSERT INTO ZipLocation(zipCode, city, state) values (40921,"Bryants Store","KY");
INSERT INTO ZipLocation(zipCode, city, state) values (84717,"Bryce Canyon","UT");
INSERT INTO ZipLocation(zipCode, city, state) values (32009,"Bryceville","FL");
INSERT INTO ZipLocation(zipCode, city, state) values (19010,"Bryn Mawr","PA");
INSERT INTO ZipLocation(zipCode, city, state) values (76427,"Bryson","TX");
INSERT INTO ZipLocation(zipCode, city, state) values (28713,"Bryson City","NC");
INSERT INTO ZipLocation(zipCode, city, state) values (95605,"Bryte","CA");
INSERT INTO ZipLocation(zipCode, city, state) values (30113,"Buchanan","GA");
INSERT INTO ZipLocation(zipCode, city, state) values (49107,"Buchanan","MI");
INSERT INTO ZipLocation(zipCode, city, state) values (58420,"Buchanan","ND");
INSERT INTO ZipLocation(zipCode, city, state) values (10511,"Buchanan","NY");
INSERT INTO ZipLocation(zipCode, city, state) values (38222,"Buchanan","TN");
INSERT INTO ZipLocation(zipCode, city, state) values (78609,"Buchanan Dam","TX");
INSERT INTO ZipLocation(zipCode, city, state) values (39322,"Buckatunna","MS");
INSERT INTO ZipLocation(zipCode, city, state) values (85326,"Buckeye","AZ");
INSERT INTO ZipLocation(zipCode, city, state) values (71328,"Buckeye","LA");
INSERT INTO ZipLocation(zipCode, city, state) values (24924,"Buckeye","WV");
INSERT INTO ZipLocation(zipCode, city, state) values (4220,"Buckfield","ME");
INSERT INTO ZipLocation(zipCode, city, state) values (30625,"Buckhead","GA");
INSERT INTO ZipLocation(zipCode, city, state) values (76518,"Buckholts","TX");
INSERT INTO ZipLocation(zipCode, city, state) values (41721,"Buckhorn","KY");
INSERT INTO ZipLocation(zipCode, city, state) values (88025,"Buckhorn","NM");
INSERT INTO ZipLocation(zipCode, city, state) values (50612,"Buckingham","IA");
INSERT INTO ZipLocation(zipCode, city, state) values (60917,"Buckingham","IL");
INSERT INTO ZipLocation(zipCode, city, state) values (41636,"Buckingham","KY");
INSERT INTO ZipLocation(zipCode, city, state) values (23921,"Buckingham","VA");
INSERT INTO ZipLocation(zipCode, city, state) values (99727,"Buckland","AK");
INSERT INTO ZipLocation(zipCode, city, state) values (1338,"Buckland","MA");
INSERT INTO ZipLocation(zipCode, city, state) values (60918,"Buckley","IL");
INSERT INTO ZipLocation(zipCode, city, state) values (49620,"Buckley","MI");
INSERT INTO ZipLocation(zipCode, city, state) values (98321,"Buckley","WA");
INSERT INTO ZipLocation(zipCode, city, state) values (67834,"Bucklin","KS");
INSERT INTO ZipLocation(zipCode, city, state) values (64631,"Bucklin","MO");
INSERT INTO ZipLocation(zipCode, city, state) values (71827,"Buckner","AR");
INSERT INTO ZipLocation(zipCode, city, state) values (62819,"Buckner","IL");
INSERT INTO ZipLocation(zipCode, city, state) values (40010,"Buckner","KY");
INSERT INTO ZipLocation(zipCode, city, state) values (64016,"Buckner","MO");
INSERT INTO ZipLocation(zipCode, city, state) values (4618,"Bucks Harbor","ME");
INSERT INTO ZipLocation(zipCode, city, state) values (47647,"Buckskin","IN");
INSERT INTO ZipLocation(zipCode, city, state) values (4416,"Bucksport","ME");
INSERT INTO ZipLocation(zipCode, city, state) values (29527,"Bucksport","SC");
INSERT INTO ZipLocation(zipCode, city, state) values (71956,"Buckville","AR");
INSERT INTO ZipLocation(zipCode, city, state) values (66013,"Bucyrus","KS");
INSERT INTO ZipLocation(zipCode, city, state) values (65444,"Bucyrus","MO");
INSERT INTO ZipLocation(zipCode, city, state) values (58639,"Bucyrus","ND");
INSERT INTO ZipLocation(zipCode, city, state) values (44820,"Bucyrus","OH");
INSERT INTO ZipLocation(zipCode, city, state) values (61314,"Buda","IL");
INSERT INTO ZipLocation(zipCode, city, state) values (78610,"Buda","TX");
INSERT INTO ZipLocation(zipCode, city, state) values (7828,"Budd Lake","NJ");
INSERT INTO ZipLocation(zipCode, city, state) values (70720,"Bueche","LA");
INSERT INTO ZipLocation(zipCode, city, state) values (40218,"Buechel","KY");
INSERT INTO ZipLocation(zipCode, city, state) values (93427,"Buellton","CA");
INSERT INTO ZipLocation(zipCode, city, state) values (8310,"Buena","NJ");
INSERT INTO ZipLocation(zipCode, city, state) values (90620,"Buena Park","CA");
INSERT INTO ZipLocation(zipCode, city, state) values (34743,"Buena Ventura La","FL");
INSERT INTO ZipLocation(zipCode, city, state) values (81211,"Buena Vista","CO");
INSERT INTO ZipLocation(zipCode, city, state) values (15018,"Buena Vista","PA");
INSERT INTO ZipLocation(zipCode, city, state) values (38318,"Buena Vista","TN");
INSERT INTO ZipLocation(zipCode, city, state) values (24416,"Buena Vista","VA");
INSERT INTO ZipLocation(zipCode, city, state) values (88412,"Bueyeros","NM");
INSERT INTO ZipLocation(zipCode, city, state) values (66717,"Buffalo","KS");
INSERT INTO ZipLocation(zipCode, city, state) values (42716,"Buffalo","KY");
INSERT INTO ZipLocation(zipCode, city, state) values (55313,"Buffalo","MN");
INSERT INTO ZipLocation(zipCode, city, state) values (65622,"Buffalo","MO");
INSERT INTO ZipLocation(zipCode, city, state) values (59418,"Buffalo","MT");
INSERT INTO ZipLocation(zipCode, city, state) values (58011,"Buffalo","ND");
INSERT INTO ZipLocation(zipCode, city, state) values (14201,"Buffalo","NY");
INSERT INTO ZipLocation(zipCode, city, state) values (29321,"Buffalo","SC");
INSERT INTO ZipLocation(zipCode, city, state) values (57720,"Buffalo","SD");
INSERT INTO ZipLocation(zipCode, city, state) values (25033,"Buffalo","WV");
INSERT INTO ZipLocation(zipCode, city, state) values (82834,"Buffalo","WY");
INSERT INTO ZipLocation(zipCode, city, state) values (50424,"Buffalo Center","IA");
INSERT INTO ZipLocation(zipCode, city, state) values (57722,"Buffalo Gap","SD");
INSERT INTO ZipLocation(zipCode, city, state) values (60089,"Buffalo Grove","IL");
INSERT INTO ZipLocation(zipCode, city, state) values (62515,"Buffalo Hart","IL");
INSERT INTO ZipLocation(zipCode, city, state) values (24529,"Buffalo Junction","VA");
INSERT INTO ZipLocation(zipCode, city, state) values (55314,"Buffalo Lake","MN");
INSERT INTO ZipLocation(zipCode, city, state) values (15534,"Buffalo Mills","PA");
INSERT INTO ZipLocation(zipCode, city, state) values (57115,"Buffalo Ridge","SD");
INSERT INTO ZipLocation(zipCode, city, state) values (38548,"Buffalo Valley","TN");
INSERT INTO ZipLocation(zipCode, city, state) values (47550,"Buffaloville","IN");
INSERT INTO ZipLocation(zipCode, city, state) values (30518,"Buford","GA");
INSERT INTO ZipLocation(zipCode, city, state) values (82052,"Buford","WY");
INSERT INTO ZipLocation(zipCode, city, state) values (35446,"Buhl","AL");
INSERT INTO ZipLocation(zipCode, city, state) values (83316,"Buhl","ID");
INSERT INTO ZipLocation(zipCode, city, state) values (67522,"Buhler","KS");
INSERT INTO ZipLocation(zipCode, city, state) values (79320,"Bula","TX");
INSERT INTO ZipLocation(zipCode, city, state) values (15019,"Bulger","PA");
INSERT INTO ZipLocation(zipCode, city, state) values (72619,"Bull Shoals","AR");
INSERT INTO ZipLocation(zipCode, city, state) values (84533,"Bullfrog","UT");
INSERT INTO ZipLocation(zipCode, city, state) values (86430,"Bullhead City","AZ");
INSERT INTO ZipLocation(zipCode, city, state) values (27507,"Bullock","NC");
INSERT INTO ZipLocation(zipCode, city, state) values (37711,"Bulls Gap","TN");
INSERT INTO ZipLocation(zipCode, city, state) values (23024,"Bumpass","VA");
INSERT INTO ZipLocation(zipCode, city, state) values (37028,"Bumpus Mills","TN");
INSERT INTO ZipLocation(zipCode, city, state) values (77612,"Buna","TX");
INSERT INTO ZipLocation(zipCode, city, state) values (65237,"Bunceton","MO");
INSERT INTO ZipLocation(zipCode, city, state) values (74931,"Bunch","OK");
INSERT INTO ZipLocation(zipCode, city, state) values (62912,"Buncombe","IL");
INSERT INTO ZipLocation(zipCode, city, state) values (63629,"Bunker","MO");
INSERT INTO ZipLocation(zipCode, city, state) values (62014,"Bunker Hill","IL");
INSERT INTO ZipLocation(zipCode, city, state) values (46914,"Bunker Hill","IN");
INSERT INTO ZipLocation(zipCode, city, state) values (67626,"Bunker Hill","KS");
INSERT INTO ZipLocation(zipCode, city, state) values (25413,"Bunker Hill","WV");
INSERT INTO ZipLocation(zipCode, city, state) values (32110,"Bunnell","FL");
INSERT INTO ZipLocation(zipCode, city, state) values (28323,"Bunnlevel","NC");
INSERT INTO ZipLocation(zipCode, city, state) values (70041,"Buras","LA");
INSERT INTO ZipLocation(zipCode, city, state) values (91501,"Burbank","CA");
INSERT INTO ZipLocation(zipCode, city, state) values (60459,"Burbank","IL");
INSERT INTO ZipLocation(zipCode, city, state) values (44214,"Burbank","OH");
INSERT INTO ZipLocation(zipCode, city, state) values (74633,"Burbank","OK");
INSERT INTO ZipLocation(zipCode, city, state) values (57010,"Burbank","SD");
INSERT INTO ZipLocation(zipCode, city, state) values (68323,"Burchard","NE");
INSERT INTO ZipLocation(zipCode, city, state) values (67019,"Burden","KS");
INSERT INTO ZipLocation(zipCode, city, state) values (67523,"Burdett","KS");
INSERT INTO ZipLocation(zipCode, city, state) values (14818,"Burdett","NY");
INSERT INTO ZipLocation(zipCode, city, state) values (72321,"Burdette","AR");
INSERT INTO ZipLocation(zipCode, city, state) values (66838,"Burdick","KS");
INSERT INTO ZipLocation(zipCode, city, state) values (63739,"Burfordville","MO");
INSERT INTO ZipLocation(zipCode, city, state) values (28425,"Burgaw","NC");
INSERT INTO ZipLocation(zipCode, city, state) values (22432,"Burgess","VA");
INSERT INTO ZipLocation(zipCode, city, state) values (44404,"Burghill","OH");
INSERT INTO ZipLocation(zipCode, city, state) values (43407,"Burgoon","OH");
INSERT INTO ZipLocation(zipCode, city, state) values (98146,"Burien","WA");
INSERT INTO ZipLocation(zipCode, city, state) values (76354,"Burkburnett","TX");
INSERT INTO ZipLocation(zipCode, city, state) values (41171,"Burke","KY");
INSERT INTO ZipLocation(zipCode, city, state) values (12917,"Burke","NY");
INSERT INTO ZipLocation(zipCode, city, state) values (22015,"Burke","VA");
INSERT INTO ZipLocation(zipCode, city, state) values (42717,"Burkesville","KY");
INSERT INTO ZipLocation(zipCode, city, state) values (76828,"Burkett","TX");
INSERT INTO ZipLocation(zipCode, city, state) values (75932,"Burkeville","TX");
INSERT INTO ZipLocation(zipCode, city, state) values (23922,"Burkeville","VA");
INSERT INTO ZipLocation(zipCode, city, state) values (41315,"Burkhart","KY");
INSERT INTO ZipLocation(zipCode, city, state) values (21718,"Burkittsville","MD");
INSERT INTO ZipLocation(zipCode, city, state) values (36752,"Burkville","AL");
INSERT INTO ZipLocation(zipCode, city, state) values (76028,"Burleson","TX");
INSERT INTO ZipLocation(zipCode, city, state) values (83318,"Burley","ID");
INSERT INTO ZipLocation(zipCode, city, state) values (66413,"Burlingame","KS");
INSERT INTO ZipLocation(zipCode, city, state) values (80807,"Burlington","CO");
INSERT INTO ZipLocation(zipCode, city, state) values (6013,"Burlington","CT");
INSERT INTO ZipLocation(zipCode, city, state) values (52601,"Burlington","IA");
INSERT INTO ZipLocation(zipCode, city, state) values (1803,"Burlington","MA");
INSERT INTO ZipLocation(zipCode, city, state) values (4417,"Burlington","ME");
INSERT INTO ZipLocation(zipCode, city, state) values (49029,"Burlington","MI");
INSERT INTO ZipLocation(zipCode, city, state) values (27217,"Burlington","NC");
INSERT INTO ZipLocation(zipCode, city, state) values (58722,"Burlington","ND");
INSERT INTO ZipLocation(zipCode, city, state) values (8016,"Burlington","NJ");
INSERT INTO ZipLocation(zipCode, city, state) values (73722,"Burlington","OK");
INSERT INTO ZipLocation(zipCode, city, state) values (76519,"Burlington","TX");
INSERT INTO ZipLocation(zipCode, city, state) values (5401,"Burlington","VT");
INSERT INTO ZipLocation(zipCode, city, state) values (98233,"Burlington","WA");
INSERT INTO ZipLocation(zipCode, city, state) values (53105,"Burlington","WI");
INSERT INTO ZipLocation(zipCode, city, state) values (26710,"Burlington","WV");
INSERT INTO ZipLocation(zipCode, city, state) values (82411,"Burlington","WY");
INSERT INTO ZipLocation(zipCode, city, state) values (13315,"Burlington Flats","NY");
INSERT INTO ZipLocation(zipCode, city, state) values (64428,"Burlington Junct","MO");
INSERT INTO ZipLocation(zipCode, city, state) values (38015,"Burlison","TN");
INSERT INTO ZipLocation(zipCode, city, state) values (42028,"Burna","KY");
INSERT INTO ZipLocation(zipCode, city, state) values (78611,"Burnet","TX");
INSERT INTO ZipLocation(zipCode, city, state) values (53922,"Burnett","WI");
INSERT INTO ZipLocation(zipCode, city, state) values (47926,"Burnettsville","IN");
INSERT INTO ZipLocation(zipCode, city, state) values (96013,"Burney","CA");
INSERT INTO ZipLocation(zipCode, city, state) values (73430,"Burneyville","OK");
INSERT INTO ZipLocation(zipCode, city, state) values (60633,"Burnham","IL");
INSERT INTO ZipLocation(zipCode, city, state) values (4922,"Burnham","ME");
INSERT INTO ZipLocation(zipCode, city, state) values (17009,"Burnham","PA");
INSERT INTO ZipLocation(zipCode, city, state) values (22923,"Burnleys","VA");
INSERT INTO ZipLocation(zipCode, city, state) values (66840,"Burns","KS");
INSERT INTO ZipLocation(zipCode, city, state) values (97720,"Burns","OR");
INSERT INTO ZipLocation(zipCode, city, state) values (37029,"Burns","TN");
INSERT INTO ZipLocation(zipCode, city, state) values (82053,"Burns","WY");
INSERT INTO ZipLocation(zipCode, city, state) values (50521,"Burnside","IA");
INSERT INTO ZipLocation(zipCode, city, state) values (62318,"Burnside","IL");
INSERT INTO ZipLocation(zipCode, city, state) values (15721,"Burnside","PA");
INSERT INTO ZipLocation(zipCode, city, state) values (58495,"Burnstad","ND");
INSERT INTO ZipLocation(zipCode, city, state) values (55337,"Burnsville","MN");
INSERT INTO ZipLocation(zipCode, city, state) values (38833,"Burnsville","MS");
INSERT INTO ZipLocation(zipCode, city, state) values (28714,"Burnsville","NC");
INSERT INTO ZipLocation(zipCode, city, state) values (24487,"Burnsville","VA");
INSERT INTO ZipLocation(zipCode, city, state) values (17215,"Burnt Cabins","PA");
INSERT INTO ZipLocation(zipCode, city, state) values (12027,"Burnt Hills","NY");
INSERT INTO ZipLocation(zipCode, city, state) values (62820,"Burnt Prairie","IL");
INSERT INTO ZipLocation(zipCode, city, state) values (95527,"Burnt Ranch","CA");
INSERT INTO ZipLocation(zipCode, city, state) values (25034,"Burnwell","WV");
INSERT INTO ZipLocation(zipCode, city, state) values (68324,"Burr","NE");
INSERT INTO ZipLocation(zipCode, city, state) values (22433,"Burr Hill","VA");
INSERT INTO ZipLocation(zipCode, city, state) values (52131,"Burr Oak","IA");
INSERT INTO ZipLocation(zipCode, city, state) values (66936,"Burr Oak","KS");
INSERT INTO ZipLocation(zipCode, city, state) values (49030,"Burr Oak","MI");
INSERT INTO ZipLocation(zipCode, city, state) values (67020,"Burrton","KS");
INSERT INTO ZipLocation(zipCode, city, state) values (50522,"Burt","IA");
INSERT INTO ZipLocation(zipCode, city, state) values (48417,"Burt","MI");
INSERT INTO ZipLocation(zipCode, city, state) values (58646,"Burt","ND");
INSERT INTO ZipLocation(zipCode, city, state) values (14028,"Burt","NY");
INSERT INTO ZipLocation(zipCode, city, state) values (44021,"Burton","OH");
INSERT INTO ZipLocation(zipCode, city, state) values (29902,"Burton","SC");
INSERT INTO ZipLocation(zipCode, city, state) values (77835,"Burton","TX");
INSERT INTO ZipLocation(zipCode, city, state) values (20866,"Burtonsville","MD");
INSERT INTO ZipLocation(zipCode, city, state) values (56318,"Burtrum","MN");
INSERT INTO ZipLocation(zipCode, city, state) values (68823,"Burwell","NE");
INSERT INTO ZipLocation(zipCode, city, state) values (59016,"Busby","MT");
INSERT INTO ZipLocation(zipCode, city, state) values (40724,"Bush","KY");
INSERT INTO ZipLocation(zipCode, city, state) values (70431,"Bush","LA");
INSERT INTO ZipLocation(zipCode, city, state) values (18324,"Bushkill","PA");
INSERT INTO ZipLocation(zipCode, city, state) values (33513,"Bushnell","FL");
INSERT INTO ZipLocation(zipCode, city, state) values (61422,"Bushnell","IL");
INSERT INTO ZipLocation(zipCode, city, state) values (69128,"Bushnell","NE");
INSERT INTO ZipLocation(zipCode, city, state) values (66833,"Bushong","KS");
INSERT INTO ZipLocation(zipCode, city, state) values (67427,"Bushton","KS");
INSERT INTO ZipLocation(zipCode, city, state) values (20618,"Bushwood","MD");
INSERT INTO ZipLocation(zipCode, city, state) values (12028,"Buskirk","NY");
INSERT INTO ZipLocation(zipCode, city, state) values (50044,"Bussey","IA");
INSERT INTO ZipLocation(zipCode, city, state) values (4013,"Bustins Island","ME");
INSERT INTO ZipLocation(zipCode, city, state) values (41723,"Busy","KY");
INSERT INTO ZipLocation(zipCode, city, state) values (36904,"Butler","AL");
INSERT INTO ZipLocation(zipCode, city, state) values (31006,"Butler","GA");
INSERT INTO ZipLocation(zipCode, city, state) values (62015,"Butler","IL");
INSERT INTO ZipLocation(zipCode, city, state) values (46721,"Butler","IN");
INSERT INTO ZipLocation(zipCode, city, state) values (41006,"Butler","KY");
INSERT INTO ZipLocation(zipCode, city, state) values (64730,"Butler","MO");
INSERT INTO ZipLocation(zipCode, city, state) values (44822,"Butler","OH");
INSERT INTO ZipLocation(zipCode, city, state) values (73625,"Butler","OK");
INSERT INTO ZipLocation(zipCode, city, state) values (57219,"Butler","SD");
INSERT INTO ZipLocation(zipCode, city, state) values (37640,"Butler","TN");
INSERT INTO ZipLocation(zipCode, city, state) values (53007,"Butler","WI");
INSERT INTO ZipLocation(zipCode, city, state) values (47223,"Butlerville","IN");
INSERT INTO ZipLocation(zipCode, city, state) values (27509,"Butner","NC");
INSERT INTO ZipLocation(zipCode, city, state) values (99645,"Butte","AK");
INSERT INTO ZipLocation(zipCode, city, state) values (59750,"Butte","MT");
INSERT INTO ZipLocation(zipCode, city, state) values (58723,"Butte","ND");
INSERT INTO ZipLocation(zipCode, city, state) values (68722,"Butte","NE");
INSERT INTO ZipLocation(zipCode, city, state) values (95920,"Butte City","CA");
INSERT INTO ZipLocation(zipCode, city, state) values (97522,"Butte Falls","OR");
INSERT INTO ZipLocation(zipCode, city, state) values (95942,"Butte Meadows","CA");
INSERT INTO ZipLocation(zipCode, city, state) values (56120,"Butterfield","MN");
INSERT INTO ZipLocation(zipCode, city, state) values (65623,"Butterfield","MO");
INSERT INTO ZipLocation(zipCode, city, state) values (54514,"Butternut","WI");
INSERT INTO ZipLocation(zipCode, city, state) values (93206,"Buttonwillow","CA");
INSERT INTO ZipLocation(zipCode, city, state) values (18017,"Butztown","PA");
INSERT INTO ZipLocation(zipCode, city, state) values (58218,"Buxton","ND");
INSERT INTO ZipLocation(zipCode, city, state) values (97109,"Buxton","OR");
INSERT INTO ZipLocation(zipCode, city, state) values (55771,"Buyck","MN");
INSERT INTO ZipLocation(zipCode, city, state) values (74831,"Byars","OK");
INSERT INTO ZipLocation(zipCode, city, state) values (40385,"Bybee","KY");
INSERT INTO ZipLocation(zipCode, city, state) values (37713,"Bybee","TN");
INSERT INTO ZipLocation(zipCode, city, state) values (22963,"Bybee","VA");
INSERT INTO ZipLocation(zipCode, city, state) values (80103,"Byers","CO");
INSERT INTO ZipLocation(zipCode, city, state) values (67021,"Byers","KS");
INSERT INTO ZipLocation(zipCode, city, state) values (76357,"Byers","TX");
INSERT INTO ZipLocation(zipCode, city, state) values (43723,"Byesville","OH");
INSERT INTO ZipLocation(zipCode, city, state) values (1922,"Byfield","MA");
INSERT INTO ZipLocation(zipCode, city, state) values (38611,"Byhalia","MS");
INSERT INTO ZipLocation(zipCode, city, state) values (85530,"Bylas","AZ");
INSERT INTO ZipLocation(zipCode, city, state) values (59419,"Bynum","MT");
INSERT INTO ZipLocation(zipCode, city, state) values (76631,"Bynum","TX");
INSERT INTO ZipLocation(zipCode, city, state) values (6830,"Byram","CT");
INSERT INTO ZipLocation(zipCode, city, state) values (38549,"Byrdstown","TN");
INSERT INTO ZipLocation(zipCode, city, state) values (15827,"Byrnedale","PA");
INSERT INTO ZipLocation(zipCode, city, state) values (31007,"Byromville","GA");
INSERT INTO ZipLocation(zipCode, city, state) values (72576,"Byron","AR");
INSERT INTO ZipLocation(zipCode, city, state) values (94514,"Byron","CA");
INSERT INTO ZipLocation(zipCode, city, state) values (61010,"Byron","IL");
INSERT INTO ZipLocation(zipCode, city, state) values (48418,"Byron","MI");
INSERT INTO ZipLocation(zipCode, city, state) values (55920,"Byron","MN");
INSERT INTO ZipLocation(zipCode, city, state) values (68325,"Byron","NE");
INSERT INTO ZipLocation(zipCode, city, state) values (14422,"Byron","NY");
INSERT INTO ZipLocation(zipCode, city, state) values (73723,"Byron","OK");
INSERT INTO ZipLocation(zipCode, city, state) values (49315,"Byron Center","MI");
INSERT INTO ZipLocation(zipCode, city, state) values (87931,"Caballo","NM");
INSERT INTO ZipLocation(zipCode, city, state) values (92230,"Cabazon","CA");
INSERT INTO ZipLocation(zipCode, city, state) values (60919,"Cabery","IL");
INSERT INTO ZipLocation(zipCode, city, state) values (25035,"Cabin Creek","WV");
INSERT INTO ZipLocation(zipCode, city, state) values (20818,"Cabin John","MD");
INSERT INTO ZipLocation(zipCode, city, state) values (26855,"Cabins","WV");
INSERT INTO ZipLocation(zipCode, city, state) values (43009,"Cable","OH");
INSERT INTO ZipLocation(zipCode, city, state) values (54821,"Cable","WI");
INSERT INTO ZipLocation(zipCode, city, state) values (65689,"Cabool","MO");
INSERT INTO ZipLocation(zipCode, city, state) values (72023,"Cabot","AR");
INSERT INTO ZipLocation(zipCode, city, state) values (5647,"Cabot","VT");
INSERT INTO ZipLocation(zipCode, city, state) values (62913,"Cache","IL");
INSERT INTO ZipLocation(zipCode, city, state) values (73527,"Cache","OK");
INSERT INTO ZipLocation(zipCode, city, state) values (74729,"Caddo","OK");
INSERT INTO ZipLocation(zipCode, city, state) values (76429,"Caddo","TX");
INSERT INTO ZipLocation(zipCode, city, state) values (71935,"Caddo Gap","AR");
INSERT INTO ZipLocation(zipCode, city, state) values (75135,"Caddo Mills","TX");
INSERT INTO ZipLocation(zipCode, city, state) values (81044,"Caddoa","CO");
INSERT INTO ZipLocation(zipCode, city, state) values (29518,"Cades","SC");
INSERT INTO ZipLocation(zipCode, city, state) values (63630,"Cadet","MO");
INSERT INTO ZipLocation(zipCode, city, state) values (49601,"Cadillac","MI");
INSERT INTO ZipLocation(zipCode, city, state) values (16212,"Cadogan","PA");
INSERT INTO ZipLocation(zipCode, city, state) values (13783,"Cadosia","NY");
INSERT INTO ZipLocation(zipCode, city, state) values (54727,"Cadott","WI");
INSERT INTO ZipLocation(zipCode, city, state) values (31009,"Cadwell","GA");
INSERT INTO ZipLocation(zipCode, city, state) values (12918,"Cadyville","NY");
INSERT INTO ZipLocation(zipCode, city, state) values (35243,"Cahaba Heights","AL");
INSERT INTO ZipLocation(zipCode, city, state) values (62206,"Cahokia","IL");
INSERT INTO ZipLocation(zipCode, city, state) values (81320,"Cahone","CO");
INSERT INTO ZipLocation(zipCode, city, state) values (64632,"Cainsville","MO");
INSERT INTO ZipLocation(zipCode, city, state) values (15924,"Cairnbrook","PA");
INSERT INTO ZipLocation(zipCode, city, state) values (31728,"Cairo","GA");
INSERT INTO ZipLocation(zipCode, city, state) values (62914,"Cairo","IL");
INSERT INTO ZipLocation(zipCode, city, state) values (65239,"Cairo","MO");
INSERT INTO ZipLocation(zipCode, city, state) values (68824,"Cairo","NE");
INSERT INTO ZipLocation(zipCode, city, state) values (12413,"Cairo","NY"); 
